"ClassName","FilesUsedIn","TotalOccurrences","HasCSSDefinition","FilesWithCSSDef","CSSVariantCount","ExampleFile","SampleCSSDefFiles"
"Basic-Text-Frame","50","203","False","0","0","अनुस्मृति प्रथम पृष्ठ.html",""
"TXT-Bold","49","16483","False","0","0","अध्यात्म-पथ-प्रदर्शक.html",""
"Sub-Heading-2","16","1848","False","0","0","अन्त्यकर्म श्राद्धप्रकाश प्रथम पृष्ठ.html",""
"Title-Page---subheading","11","11","False","0","0","आनन्द का स्वरूप प्रथम पृष्ठ.html",""
"Footnotes-right","10","371","False","0","0","गीता-निबन्धावली प्रथम पृष्ठ.html",""
"End-Text","10","26","False","0","0","तर्पण विधि प्रथम पृष्ठ.html",""
"Title-Page---Sub-heading","10","10","False","0","0","अमृत बिन्दु प्रथम पृष्ठ.html",""
"Sub-Heading-","9","384","False","0","0","अमृत कण प्रथम पृष्ठ.html",""
"x100","7","18","False","0","0","आध्यात्मिक प्रवचन प्रथम पृष्ठ.html",""
"Center","7","82","False","0","0","तुलसी दल प्रथम पृष्ठ.html",""
"Caption","6","51","False","0","0","अध्यात्म-पथ-प्रदर्शक.html",""
"Text-Bold","6","710","False","0","0","ईशादि नौ उपनिषद्.html",""
"Basic-Paragraph-1","5","26","False","0","0","पद्मपुरा.html",""
"frame-5","5","25","False","0","0","गयाश्राद्धपद्धति_माहात्म्य तथा_गयायात्राविधानसहित.html",""
"Chapter-End-Text-1","4","14","False","0","0","पातञ्जलयोगप्रदीप प्रथम पृष्ठ.html",""
"Text-Matter","4","8","False","0","0","आनन्द कैसे मिले प्रथम पृष्ठ.html",""
"CAPTION","4","7","False","0","0","अनन्यभक्ति कैसे प्राप्त हो प्रथम पृष्ठ.html",""
"x150","3","7","False","0","0","नवधा भक्ति प्रथम पृष्ठ.html",""
"xfootnote","3","3","False","0","0","शतनामस्तोत्रसंग्रह.html",""
"Shlok-Color","3","547","False","0","0","देवीस्तोत्ररत्नाकर.html",""
"Sub-Heading-2-1","3","91","False","0","0","भागवतस्तुतिसंग्रह प्रथम पृष्ठ.html",""
"Sub-Heading-1","3","92","False","0","0","भागवतस्तुतिसंग्रह प्रथम पृष्ठ.html",""
"TXT-Bold-1","3","158","False","0","0","भागवतस्तुतिसंग्रह प्रथम पृष्ठ.html",""
"Eti","3","3","False","0","0","विदुरनीति प्रथम पृष्ठ (1).html",""
"Footer","3","60","False","0","0","आध्यात्मिक प्रवचन प्रथम पृष्ठ.html",""
"x75","3","7","False","0","0","अमृत वचन प्रथम पृष्ठ.html",""
"Shlok-Number-1","3","1412","False","0","0","गीता ज्ञान प्रवेशिका प्रथम पृष्ठ (1).html",""
"uvach","3","282","False","0","0","शतनामस्तोत्रसंग्रह.html",""
"x-Main-Heading","3","3","False","0","0","विवेक चूडामणि प्रथम पृष्ठ.html",""
"frame-6","3","12","False","0","0","गयाश्राद्धपद्धति_माहात्म्य तथा_गयायात्राविधानसहित.html",""
"Chopayi-1","2","495","False","0","0","प्रत्यक्ष भगवद्दर्शन के उपाय प्रथम पृष्ठ.html",""
"Footnotes-Center","2","79","False","0","0","कल्याण पथ प्रथम पृष्ठ.html",""
"x00","2","2","False","0","0","आदर्श भक्त प्रथम पृष्ठ.html",""
"Adhyay","2","80","False","0","0","श्रीनरसिंहपुराण प्रथम पृष्ठ.html",""
"frame-7","2","10","False","0","0","पातञ्जलयोगप्रदीप प्रथम पृष्ठ.html",""
"Title-Page---Sub-Name","2","3","False","0","0","शिवमहिम्नस्तोत्र.html",""
"frame-8","2","7","False","0","0","पातञ्जलयोगप्रदीप प्रथम पृष्ठ.html",""
"Shlok-Black-2","2","6","False","0","0","पद्मपुरा.html",""
"Said","2","17","False","0","0","शीघ्र कल्याण के सोपान प्रथम पृष्ठ.html",""
"x2","2","2","False","0","0","भक्त महिलारत्न प्रथम पृष्ठ.html",""
"x1","2","2","False","0","0","कल्याण प्राप्ति के उपाय प्रथम पृष्ठ.html",""
"Uvach-1","2","12","False","0","0","भागवतस्तुतिसंग्रह प्रथम पृष्ठ.html",""
"Basic-Paragraph-2","2","7","False","0","0","संक्षिप्त गरुडपुराण प्रथम पृष्ठ.html",""
"I-","2","4","False","0","0","विदुरनीति प्रथम पृष्ठ (1).html",""
"Hawala","2","6","False","0","0","मानवमात्र के कल्याण के लिये प्रथम पृष्ठ.html",""
"II","2","4","False","0","0","महत्वपूर्ण शिक्षा.html",""
"Text-Right","2","4","False","0","0","अन्त्यकर्म श्राद्धप्रकाश प्रथम पृष्ठ.html",""
"Uvach-2","2","24","False","0","0","भागवतस्तुतिसंग्रह प्रथम पृष्ठ.html",""
"Sub-Heading-2-2","2","47","False","0","0","भागवतस्तुतिसंग्रह प्रथम पृष्ठ.html",""
"Small-Heading","2","70","False","0","0","भगवच्चर्चा (सभी छहों भाग एक साथ) प्रथम पृष्ठ.html",""
"Chapter-End-Text-2","2","3","False","0","0","संक्षिप्त गरुडपुराण प्रथम पृष्ठ.html",""
"TXT-bold","2","31","False","0","0","वैदिक सूक्त संग्रह प्रथम पृष्ठ.html",""
"SHLOK-Black-1","2","206","False","0","0","श्रीमद्वाल्मीकीय रामायण.html",""
"Tablular","2","2284","False","0","0","गीता ज्ञान प्रवेशिका प्रथम पृष्ठ (1).html",""
"No-paragraph-style","2","78","False","0","0","तर्पण विधि प्रथम पृष्ठ.html",""
"FOOT","2","108","False","0","0","तर्पण विधि प्रथम पृष्ठ.html",""
"Slok1","2","3","False","0","0","जानकी मंगल प्रथम पृष्ठ.html",""
"Futer-Text","2","3","False","0","0","जिन खोजा तिन पाइया प्रथम पृष्ठ.html",""
"sub-head","2","12","False","0","0","गीता दर्पण प्रथम पृष्ठ.html",""
"Image-word","2","37","False","0","0","संक्षिप्त योगवासिष्ठ प्रथम पृष्ठ.html",""
"Chapter-Heading-2","2","6","False","0","0","गीता ज्ञान प्रवेशिका प्रथम पृष्ठ (1).html",""
"Dash","2","388","False","0","0","ज्ञान के दीप जले प्रथम पृष्ठ.html",""
"subhead","2","169","False","0","0","गीता के परम प्रचारक प्रथम पृष्ठ.html",""
"Shlok-Black-1","2","38","False","0","0","पद्मपुरा.html",""
"Shlok-Number--2","2","16","False","0","0","दोहावली प्रथम पृष्ठ.html",""
"Sub-Head-3","2","10","False","0","0","नित्यकर्म-पूजाप्रकाश (2).html",""
"Number","2","45","False","0","0","गोपी प्रेम प्रथम पृष्ठ.html",""
"Hindi-Chaptter-Heading","1","10","False","0","0","गीता-प्रबोधनी.html",""
"caption","1","1","False","0","0","भूले न भुलाये प्रथम पृष्ठ.html",""
"Chappter-Heading","1","2","False","0","0","गीता-प्रबोधनी.html",""
"Chapter","1","18","False","0","0","गीता बाल प्रश्नोत्तरी प्रथम पृष्ठ.html",""
"x15-Bold","1","1","False","0","0","गीता माधुर्य प्रथम पृष्ठ.html",""
"Shlok-1","1","48","False","0","0","गीता-प्रबोधनी.html",""
"Shlok-Coloured","1","1865","False","0","0","वैदिक सूक्त संग्रह प्रथम पृष्ठ.html",""
"Hindi-Chappter-Heading-2","1","3","False","0","0","गीता-प्रबोधनी.html",""
"Hindi-Chappter-Heading-1","1","2","False","0","0","गीता-प्रबोधनी.html",""
"Vedic-Shlok","1","232","False","0","0","रुद्राष्टाध्यायी.html",""
"Shlok-new","1","32","False","0","0","गीता-प्रबोधनी.html",""
"Shlok-2-copy","1","3","False","0","0","मनुष्य जीवन का उद्देश्य प्रथम पृष्ठ.html",""
"Hindi-Chappter-Heading","1","3","False","0","0","गीता-प्रबोधनी.html",""
"Vyakhya","1","792","False","0","0","गीता-प्रबोधनी.html",""
"dhyan","1","2","False","0","0","शतनामस्तोत्रसंग्रह.html",""
"stotra","1","26","False","0","0","शतनामस्तोत्रसंग्रह.html",""
"uwach","1","138","False","0","0","व्रत परिचय प्रथम पृष्ठ.html",""
"Middle-Heading","1","3","False","0","0","शतनामस्तोत्रसंग्रह.html",""
"end","1","2","False","0","0","शतनामस्तोत्रसंग्रह.html",""
"SLOK","1","3","False","0","0","शतनामस्तोत्रसंग्रह.html",""
"Text-2","1","1","False","0","0","कवितावली प्रथम पृष्ठ.html",""
"Title-Page---Translater-Author-Name","1","1","False","0","0","गयाश्राद्धपद्धति_माहात्म्य तथा_गयायात्राविधानसहित.html",""
"Footnotes-copy","1","1","False","0","0","क्या करें क्या न करें प्रथम पृष्ठ.html",""
"Question","1","326","False","0","0","गीता बाल प्रश्नोत्तरी प्रथम पृष्ठ.html",""
"TXT-hindi","1","1","False","0","0","गीता बाल प्रश्नोत्तरी प्रथम पृष्ठ.html",""
"Answer","1","322","False","0","0","गीता बाल प्रश्नोत्तरी प्रथम पृष्ठ.html",""
"Doha-colour","1","15","False","0","0","वैराग्य संदीपनी प्रथम पृष्ठ.html",""
"Purvardh---Uttrardh","1","1","False","0","0","गीता दर्पण प्रथम पृष्ठ.html",""
"Chopai","1","11","False","0","0","वैराग्य संदीपनी प्रथम पृष्ठ.html",""
"End-text","1","11","False","0","0","व्रत परिचय प्रथम पृष्ठ.html",""
"Foot-1","1","5","False","0","0","गीता दर्पण प्रथम पृष्ठ.html",""
"Sortha-colour","1","2","False","0","0","वैराग्य संदीपनी प्रथम पृष्ठ.html",""
"Title-Page---sub-title","1","1","False","0","0","प्रार्थना प्रथम पृष्ठ.html",""
"Title-Page---Tavmev","1","6","False","0","0","प्रार्थना प्रथम पृष्ठ.html",""
"Text-Right-coloer","1","144","False","0","0","पूजा के फूल प्रथम पृष्ठ.html",""
"FF","1","1","False","0","0","प्राचीन भक्त प्रथम पृष्ठ.html",""
"Full","1","11","False","0","0","प्रार्थना प्रथम पृष्ठ.html",""
"Shlok-Bold","1","1","False","0","0","प्रेम सत्संग सुधा माला प्रथम पृष्ठ.html",""
"Foot-Note","1","1","False","0","0","बलिवैश्वदेव-विधि.html",""
"Had","1","1","False","0","0","प्रार्थना प्रथम पृष्ठ.html",""
"Sub-had-","1","1","False","0","0","प्रार्थना प्रथम पृष्ठ.html",""
"Paragraph-Style","1","6","False","0","0","पातञ्जलयोगप्रदीप प्रथम पृष्ठ.html",""
"TEXT-Black","1","1","False","0","0","पिता की सीख प्रथम पृष्ठ.html",""
"Title-Page---Tavmev-Mata--pita","1","6","False","0","0","नित्यकर्म-प्रयोग.html",""
"Title-page---sub-title-2","1","2","False","0","0","नित्यकर्म-प्रयोग.html",""
"Heading-English","1","10","False","0","0","पिता की सीख प्रथम पृष्ठ.html",""
"TEXT-2","1","187","False","0","0","पिता की सीख प्रथम पृष्ठ.html",""
"SHLOK-number","1","4","False","0","0","पिता की सीख प्रथम पृष्ठ.html",""
"heading1","1","7","False","0","0","तर्पण विधि प्रथम पृष्ठ.html",""
"TEXT-1","1","232","False","0","0","पिता की सीख प्रथम पृष्ठ.html",""
"TEXT","1","297","False","0","0","जीवनोपयोगी प्रवचन.html",""
"Sub-Heading-3","1","16","False","0","0","भागवतस्तुतिसंग्रह प्रथम पृष्ठ.html",""
"small-heading","1","15","False","0","0","गोवध भारत का कलंक प्रथम पृष्ठ.html",""
"Sub-Heading-4","1","11","False","0","0","भागवतस्तुतिसंग्रह प्रथम पृष्ठ.html",""
"Uvach-3","1","1","False","0","0","भागवतस्तुतिसंग्रह प्रथम पृष्ठ.html",""
"Futnoot","1","8","False","0","0","गीतावली प्रथम पृष्ठ.html",""
"Pad-sankhya","1","328","False","0","0","गीतावली प्रथम पृष्ठ.html",""
"Title-Page--caption","1","1","False","0","0","गीतावली प्रथम पृष्ठ.html",""
"B-3","1","1","False","0","0","गीतावली प्रथम पृष्ठ.html",""
"C","1","2","False","0","0","सावित्री और सत्यवान्.html",""
"No","1","1","False","0","0","भगवत्पथ दर्शन प्रथम पृष्ठ.html",""
"Hindi-i","1","1","False","0","0","भगवत्प्राप्ति की युक्तियाँ प्रथम पृष्ठ.html",""
"Title-Page---Subheading","1","1","False","0","0","भगवच्चर्चा (सभी छहों भाग एक साथ) प्रथम पृष्ठ.html",""
"Hindi-Solk-II","1","1","False","0","0","जीवन सुधार की बातें प्रथम पृष्ठ.html",""
"Hindi-II","1","1","False","0","0","भगवत्प्राप्ति की युक्तियाँ प्रथम पृष्ठ.html",""
"Centre-Heading","1","52","False","0","0","भजन-संग्रह.html",""
"Sub-Heading-2-3","1","25","False","0","0","भागवतस्तुतिसंग्रह प्रथम पृष्ठ.html",""
"So-1","1","1","False","0","0","भगवत्प्राप्तिमें भावकी प्रधानता प्रथम पृष्ठ.html",""
"Bhajan-First-Line","1","1014","False","0","0","भजन-संग्रह.html",""
"Chapter-End-Text-11","1","1","False","0","0","संक्षिप्त महाभारत.html",""
"Shlok-Color-2-9","1","2","False","0","0","संक्षिप्त महाभारत.html",""
"Footer-Chopai-8","1","12","False","0","0","संक्षिप्त महाभारत.html",""
"Shlok-Color-2-8","1","2","False","0","0","संक्षिप्त महाभारत.html",""
"Footer-Chopai-7","1","1","False","0","0","संक्षिप्त महाभारत.html",""
"Shlok-Color-2-6","1","2","False","0","0","संक्षिप्त महाभारत.html",""
"Chapter-End-Text-9","1","1","False","0","0","संक्षिप्त महाभारत.html",""
"Shlok-Color-2-11","1","2","False","0","0","संक्षिप्त महाभारत.html",""
"Footer-Chopai-10","1","1","False","0","0","संक्षिप्त महाभारत.html",""
"Chapter-End-Text-13","1","1","False","0","0","संक्षिप्त महाभारत.html",""
"Chapter-End-Text-12","1","1","False","0","0","संक्षिप्त महाभारत.html",""
"Footer-Chopai","1","6","False","0","0","संक्षिप्त महाभारत.html",""
"Shlok-Color-2-10","1","2","False","0","0","संक्षिप्त महाभारत.html",""
"Footer-Chopai-9","1","5","False","0","0","संक्षिप्त महाभारत.html",""
"Chapter-End-Text-6","1","1","False","0","0","संक्षिप्त महाभारत.html",""
"Shlok-Color-2-4","1","2","False","0","0","संक्षिप्त महाभारत.html",""
"Footer-Chopai-4","1","1","False","0","0","संक्षिप्त महाभारत.html",""
"Shlok-Color-2-3","1","2","False","0","0","संक्षिप्त महाभारत.html",""
"Footer-Chopai-2","1","1","False","0","0","संक्षिप्त महाभारत.html",""
"Chapter-End-Text-5","1","1","False","0","0","संक्षिप्त महाभारत.html",""
"Footer-Chopai-3","1","1","False","0","0","संक्षिप्त महाभारत.html",""
"Footer-Chopai-6","1","4","False","0","0","संक्षिप्त महाभारत.html",""
"Shlok-Color-2-7","1","2","False","0","0","संक्षिप्त महाभारत.html",""
"Chapter-End-Text-10","1","1","False","0","0","संक्षिप्त महाभारत.html",""
"Chapter-End-Text-8","1","1","False","0","0","संक्षिप्त महाभारत.html",""
"Chapter-End-Text-7","1","1","False","0","0","संक्षिप्त महाभारत.html",""
"Footer-Chopai-5","1","1","False","0","0","संक्षिप्त महाभारत.html",""
"Shlok-Color-2-5","1","2","False","0","0","संक्षिप्त महाभारत.html",""
"Footer-Chopai-11","1","2","False","0","0","संक्षिप्त महाभारत.html",""
"SHLOK-Black-3","1","1","False","0","0","संस्कार प्रकाश प्रथम पृष्ठ.html",""
"Footnote-New","1","6","False","0","0","सहस्रनामस्तोत्रसंग्रह.html",""
"xfootnote-1","1","1","False","0","0","सहस्रनामस्तोत्रसंग्रह.html",""
"Sub-Heading-1-3","1","4","False","0","0","संस्कार प्रकाश प्रथम पृष्ठ.html",""
"Basic-Text-Frame-1","1","3","False","0","0","संस्कार प्रकाश प्रथम पृष्ठ.html",""
"Sub-Heading-1-2","1","11","False","0","0","संस्कार प्रकाश प्रथम पृष्ठ.html",""
"SHLOK-Black-2","1","489","False","0","0","संस्कार प्रकाश प्रथम पृष्ठ.html",""
"Footnote--A-","1","1","False","0","0","साधन-कल्पतरु प्रथम पृष्ठ.html",""
"Caption-L-16","1","2","False","0","0","साधन-कल्पतरु प्रथम पृष्ठ.html",""
"Futnote-1","1","2","False","0","0","साधन-कल्पतरु प्रथम पृष्ठ.html",""
"Sub-Hading","1","29","False","0","0","साधन पथ प्रथम पृष्ठ.html",""
"Man-Had","1","1","False","0","0","सहस्रनामस्तोत्रसंग्रह.html",""
"xfootnote-2","1","1","False","0","0","सहस्रनामस्तोत्रसंग्रह.html",""
"Slok-1","1","1","False","0","0","साधक में साधुता प्रथम पृष्ठ.html",""
"Chapter-End-Text-15","1","1","False","0","0","संक्षिप्त महाभारत.html",""
"Shlok-Color-2-14","1","2","False","0","0","संक्षिप्त महाभारत.html",""
"Chapter-End-Text-16","1","1","False","0","0","संक्षिप्त महाभारत.html",""
"Shlok-Color-2-13","1","2","False","0","0","संक्षिप्त महाभारत.html",""
"Footer-Chopai-12","1","1","False","0","0","संक्षिप्त महाभारत.html",""
"Shlok-Color-2-12","1","2","False","0","0","संक्षिप्त महाभारत.html",""
"Chapter-End-Text-14","1","1","False","0","0","संक्षिप्त महाभारत.html",""
"fOOTNOTE","1","2","False","0","0","संक्षिप्त स्कन्दपुराण प्रथम पृष्ठ.html",""
"fOOTNOTE-1","1","1","False","0","0","संक्षिप्त स्कन्दपुराण प्रथम पृष्ठ.html",""
"Sub-Heading-1-1","1","28","False","0","0","संस्कार प्रकाश प्रथम पृष्ठ.html",""
"TXT-Right-1","1","1","False","0","0","संक्षिप्त श्रीमद्देवीभागवत.html",""
"Shlok-Color-2-15","1","14","False","0","0","संक्षिप्त महाभारत.html",""
"Chapter-End-Text-17","1","3","False","0","0","संक्षिप्त महाभारत.html",""
"TXT-Right-2","1","1","False","0","0","संक्षिप्त श्रीमद्देवीभागवत.html",""
"numbers","1","12","False","0","0","श्रीराधा माधव चिन्तन प्रथम पृष्ठ.html",""
"Inner-Heading","1","19","False","0","0","श्रीराधा माधव चिन्तन प्रथम पृष्ठ.html",""
"Sholk","1","147","False","0","0","श्रीरामकृष्णलीला भजनावली प्रथम पृष्ठ.html",""
"day-night","1","21","False","0","0","श्रीराधा माधव चिन्तन प्रथम पृष्ठ.html",""
"Suchi-2","1","1","False","0","0","श्रीमद्वाल्मीकीय रामायण.html",""
"Eti-Bold","1","1","False","0","0","श्रीमद्वाल्मीकीय रामायण.html",""
"Sanwant","1","29","False","0","0","श्रीराधा माधव चिन्तन प्रथम पृष्ठ.html",""
"Basic-Paragraph-3","1","7","False","0","0","संक्षिप्त गरुडपुराण प्रथम पृष्ठ.html",""
"Basic-Paragraph-4","1","1","False","0","0","संक्षिप्त गरुडपुराण प्रथम पृष्ठ.html",""
"uvach-1","1","1","False","0","0","संक्षिप्त नारदपुराण प्रथम पृष्ठ.html",""
"last","1","323","False","0","0","श्रीहरिवंशपुराण प्रथम पृष्ठ.html",""
"TXT-bold-1","1","3","False","0","0","श्रीवामनपुराण प्रथम पृष्ठ.html",""
"Title-Page---Sub-Head","1","1","False","0","0","श्रीविष्णुसहस्रनाम (शांकरभाष्य, हिन्दी अनुवाद सहित) प्रथम पृष्ठ.html",""
"Text-Regular","1","1358","False","0","0","श्रीविष्णुसहस्रनाम (शांकरभाष्य, हिन्दी अनुवाद सहित) प्रथम पृष्ठ.html",""
"Uwash","1","25","False","0","0","श्री सत्यनारायण व्रत कथा प्रथम पृष्ठ.html",""
"Text-copy","1","46","False","0","0","श्री सत्यनारायण व्रत कथा प्रथम पृष्ठ.html",""
"Book-End-Page-text","1","14","False","0","0","श्री सत्यनारायण व्रत कथा प्रथम पृष्ठ.html",""
"TXT-Bold-2","1","1","False","0","0","श्री गर्ग संहिता प्रथम पृष्ठ.html",""
"Title-Page-Subheading","1","1","False","0","0","शिव स्मरण प्रथम पृष्ठ.html",""
"UWACH","1","73","False","0","0","श्रावणमासमाहात्म्य प्रथम पृष्ठ.html",""
"Foot-note","1","2","False","0","0","श्री एकनाथ चरित्र प्रथम पृष्ठ.html",""
"Cneter","1","3","False","0","0","श्रीनारायणकवच.html",""
"Title-Page---Heading","1","1","False","0","0","श्रीमद्भगवद्गीता श्रीरामानुज भाष्य प्रथम पृष्ठ.html",""
"mantra-1","1","1","False","0","0","श्रीमद्वाल्मीकीय रामायण.html",""
"Title-page-sub-head","1","1","False","0","0","श्रीनरसिंहपुराण प्रथम पृष्ठ.html",""
"Shlok-Color-2-New","1","1510","False","0","0","श्रीकृष्ण विज्ञान प्रथम पृष्ठ.html",""
"End-text-new","1","18","False","0","0","श्रीकृष्ण विज्ञान प्रथम पृष्ठ.html",""
"Sub-Head-1","1","68","False","0","0","श्रीजैमिनीयाश्वमेधपर्व प्रथम पृष्ठ.html",""
"Footnote-Center","1","2067","False","0","0","संक्षिप्त ब्रह्मवैवर्तपुराण प्रथम पृष्ठ.html",""
"frame-25","1","1","False","0","0","संक्षिप्त ब्रह्मवैवर्तपुराण प्रथम पृष्ठ.html",""
"frame-26","1","11","False","0","0","संक्षिप्त ब्रह्मवैवर्तपुराण प्रथम पृष्ठ.html",""
"frame-27","1","1","False","0","0","संक्षिप्त ब्रह्मवैवर्तपुराण प्रथम पृष्ठ.html",""
"frame-24","1","6","False","0","0","संक्षिप्त ब्रह्मवैवर्तपुराण प्रथम पृष्ठ.html",""
"frame-21","1","2","False","0","0","संक्षिप्त ब्रह्मवैवर्तपुराण प्रथम पृष्ठ.html",""
"frame-22","1","2","False","0","0","संक्षिप्त ब्रह्मवैवर्तपुराण प्रथम पृष्ठ.html",""
"frame-23","1","4","False","0","0","संक्षिप्त ब्रह्मवैवर्तपुराण प्रथम पृष्ठ.html",""
"Chapter-End-Text-3","1","1","False","0","0","संक्षिप्त महाभारत.html",""
"Shlok-Color-2-2","1","2","False","0","0","संक्षिप्त महाभारत.html",""
"Chapter-End-Text-4","1","1","False","0","0","संक्षिप्त महाभारत.html",""
"Footer-Chopai-1","1","4","False","0","0","संक्षिप्त महाभारत.html",""
"frame-28","1","2","False","0","0","संक्षिप्त ब्रह्मवैवर्तपुराण प्रथम पृष्ठ.html",""
"frame-29","1","1","False","0","0","संक्षिप्त ब्रह्मवैवर्तपुराण प्रथम पृष्ठ.html",""
"Shlok-Color-2-1","1","2","False","0","0","संक्षिप्त महाभारत.html",""
"frame-12","1","7","False","0","0","संक्षिप्त ब्रह्मवैवर्तपुराण प्रथम पृष्ठ.html",""
"frame-13","1","3","False","0","0","संक्षिप्त ब्रह्मवैवर्तपुराण प्रथम पृष्ठ.html",""
"Varsh---Sankhya","1","5","False","0","0","संक्षिप्त ब्रह्मवैवर्तपुराण प्रथम पृष्ठ.html",""
"frame-11","1","2","False","0","0","संक्षिप्त ब्रह्मवैवर्तपुराण प्रथम पृष्ठ.html",""
"Footnote-Right","1","153","False","0","0","संक्षिप्त ब्रह्मवैवर्तपुराण प्रथम पृष्ठ.html",""
"frame-9","1","1","False","0","0","संक्षिप्त ब्रह्मवैवर्तपुराण प्रथम पृष्ठ.html",""
"frame-10","1","2","False","0","0","संक्षिप्त ब्रह्मवैवर्तपुराण प्रथम पृष्ठ.html",""
"frame-18","1","2","False","0","0","संक्षिप्त ब्रह्मवैवर्तपुराण प्रथम पृष्ठ.html",""
"frame-19","1","6","False","0","0","संक्षिप्त ब्रह्मवैवर्तपुराण प्रथम पृष्ठ.html",""
"frame-20","1","2","False","0","0","संक्षिप्त ब्रह्मवैवर्तपुराण प्रथम पृष्ठ.html",""
"frame-17","1","1","False","0","0","संक्षिप्त ब्रह्मवैवर्तपुराण प्रथम पृष्ठ.html",""
"frame-14","1","5","False","0","0","संक्षिप्त ब्रह्मवैवर्तपुराण प्रथम पृष्ठ.html",""
"frame-15","1","2","False","0","0","संक्षिप्त ब्रह्मवैवर्तपुराण प्रथम पृष्ठ.html",""
"frame-16","1","6","False","0","0","संक्षिप्त ब्रह्मवैवर्तपुराण प्रथम पृष्ठ.html",""
"End-Mark","1","2","False","0","0","आनन्द मार्ग प्रथम पृष्ठ.html",""
"Footnote-without-rule","1","3","False","0","0","आत्मोद्धारके साधन प्रथम पृष्ठ.html",""
"Choipai","1","1","False","0","0","इसी जन्ममें परमात्मप्राप्ति प्रथम पृष्ठ.html",""
"Title-Page---Translator-Name","1","1","False","0","0","उद्धव संदेश प्रथम पृष्ठ.html",""
"x11","1","1","False","0","0","ईश्वर और संसार प्रथम पृष्ठ.html",""
"Slok2","1","1","False","0","0","आत्मोद्धारके साधन प्रथम पृष्ठ.html",""
"Title-Page---Translater-Name","1","4","False","0","0","अन्त्यकर्म श्राद्धप्रकाश प्रथम पृष्ठ.html",""
"TitlePage-Shlok","1","5","False","0","0","अध्यात्मरामायण.html",""
"SAID","1","1","False","0","0","अमूल्य वचन प्रथम पृष्ठ.html",""
"So-2","1","1","False","0","0","आत्मकल्याण के विविध उपाय प्रथम पृष्ठ.html",""
"Text-wsp","1","1","False","0","0","अमूल्य समय का सदुपयोग प्रथम पृष्ठ.html",""
"Shloka","1","428","False","0","0","u_बृहदारण्यकोपनिषत्.html",""
"Running-Matter","1","1","False","0","0","उद्धार कैसे हो प्रथम पृष्ठ.html",""
"S-3","1","1","False","0","0","गीतावली प्रथम पृष्ठ.html",""
"Gita-Seva-Trust","1","1","False","0","0","आनन्द की लहरें प्रथम पृष्ठ.html",""
"R","1","2","False","0","0","कर्मयोग का तत्त्व प्रथम पृष्ठ.html",""
"page-break","498","20767","True","499","50","अच्छे बनो प्रथम पृष्ठ.html","अच्छे बनो प्रथम पृष्ठ.html; अध्यात्म-पथ-प्रदर्शक.html; अध्यात्मरामायण.html"
"epub-page","498","21248","True","498","1","अच्छे बनो प्रथम पृष्ठ.html","अच्छे बनो प्रथम पृष्ठ.html; अध्यात्म-पथ-प्रदर्शक.html; अध्यात्मरामायण.html"
"Titel-Page---Shri-Hari","495","502","True","20","30","अच्छे बनो प्रथम पृष्ठ.html","आरती-संग्रह.html; गणेशस्तोत्ररत्नाकर.html; गीता-पुस्तकालय.html"
"Title-Page---Book-Name","491","504","True","20","31","अच्छे बनो प्रथम पृष्ठ.html","आरती-संग्रह.html; गणेशस्तोत्ररत्नाकर.html; गीता-पुस्तकालय.html"
"para-style-override-2","491","6524","True","16","23","अच्छे बनो प्रथम पृष्ठ.html","आरती-संग्रह.html; गीता-पुस्तकालय.html; तत्त्वचिन्तामणि.html"
"para-style-override-1","483","700","True","20","30","अच्छे बनो प्रथम पृष्ठ.html","आरती-संग्रह.html; गणेशस्तोत्ररत्नाकर.html; गीता-पुस्तकालय.html"
"Page-Break","481","18204","True","16","24","अच्छे बनो प्रथम पृष्ठ.html","आरती-संग्रह.html; गणेशस्तोत्ररत्नाकर.html; गीता-पुस्तकालय.html"
"char-style-override-1","481","808","True","20","30","अच्छे बनो प्रथम पृष्ठ.html","आरती-संग्रह.html; गणेशस्तोत्ररत्नाकर.html; गीता-पुस्तकालय.html"
"char-style-override-2","480","10585","True","20","31","अच्छे बनो प्रथम पृष्ठ.html","आरती-संग्रह.html; गणेशस्तोत्ररत्नाकर.html; गीता-पुस्तकालय.html"
"Title-Page---Gita-Seva-Trust","479","502","True","20","31","अच्छे बनो प्रथम पृष्ठ.html","आरती-संग्रह.html; गणेशस्तोत्ररत्नाकर.html; गीता-पुस्तकालय.html"
"First-End-Page-text","478","962","True","20","30","अच्छे बनो प्रथम पृष्ठ.html","आरती-संग्रह.html; गणेशस्तोत्ररत्नाकर.html; गीता-पुस्तकालय.html"
"char-style-override-3","475","30144","True","20","31","अच्छे बनो प्रथम पृष्ठ.html","आरती-संग्रह.html; गणेशस्तोत्ररत्नाकर.html; गीता-पुस्तकालय.html"
"Basic-Graphics-Frame","460","20386","True","11","10","अच्छे बनो प्रथम पृष्ठ.html","कल्याण_भक्त-चरिताङ्क.html; गीता-पुस्तकालय.html; पद-रत्नाकर.html"
"Heading","451","10036","True","15","21","u_बृहदारण्यकोपनिषत्.html","आरती-संग्रह.html; गणेशस्तोत्ररत्नाकर.html; गीता-पुस्तकालय.html"
"para-style-override-3","451","3346","True","18","28","अच्छे बनो प्रथम पृष्ठ.html","आरती-संग्रह.html; गणेशस्तोत्ररत्नाकर.html; गीता-पुस्तकालय.html"
"char-style-override-4","449","45768","True","20","31","अच्छे बनो प्रथम पृष्ठ.html","आरती-संग्रह.html; गणेशस्तोत्ररत्नाकर.html; गीता-पुस्तकालय.html"
"char-style-override-5","420","23839","True","20","31","अध्यात्म-पथ-प्रदर्शक.html","आरती-संग्रह.html; गणेशस्तोत्ररत्नाकर.html; गीता-पुस्तकालय.html"
"TXT","399","350222","True","12","16","अच्छे बनो प्रथम पृष्ठ.html","गणेशस्तोत्ररत्नाकर.html; गीता-पुस्तकालय.html; पद-रत्नाकर.html"
"TXT-Right","390","26667","True","14","21","अच्छे बनो प्रथम पृष्ठ.html","गणेशस्तोत्ररत्नाकर.html; गीता-पुस्तकालय.html; पद-रत्नाकर.html"
"Title-Page---Tvamev-mata","376","2252","True","14","23","अच्छे बनो प्रथम पृष्ठ.html","आरती-संग्रह.html; गीता-पुस्तकालय.html; तत्त्वचिन्तामणि.html"
"char-style-override-6","370","29393","True","20","31","अध्यात्म-पथ-प्रदर्शक.html","आरती-संग्रह.html; गणेशस्तोत्ररत्नाकर.html; गीता-पुस्तकालय.html"
"para-style-override-4","362","2018","True","18","28","अच्छे बनो प्रथम पृष्ठ.html","आरती-संग्रह.html; गणेशस्तोत्ररत्नाकर.html; गीता-पुस्तकालय.html"
"Title-Page---Author-Name","361","381","True","12","20","अच्छे बनो प्रथम पृष्ठ.html","आरती-संग्रह.html; गीता-पुस्तकालय.html; तत्त्वचिन्तामणि.html"
"Footnotes","352","16138","True","17","26","अच्छे बनो प्रथम पृष्ठ.html","गणेशस्तोत्ररत्नाकर.html; गीता-पुस्तकालय.html; तत्त्वचिन्तामणि.html"
"char-style-override-7","323","12814","True","19","29","अध्यात्म-पथ-प्रदर्शक.html","आरती-संग्रह.html; गणेशस्तोत्ररत्नाकर.html; गीता-पुस्तकालय.html"
"No-Paragraph-Style","288","1384","True","16","25","अच्छे बनो प्रथम पृष्ठ.html","गणेशस्तोत्ररत्नाकर.html; गीता-पुस्तकालय.html; तत्त्वचिन्तामणि.html"
"para-style-override-5","275","1593","True","18","28","अध्यात्म-पथ-प्रदर्शक.html","आरती-संग्रह.html; गणेशस्तोत्ररत्नाकर.html; गीता-पुस्तकालय.html"
"char-style-override-8","274","10379","True","18","27","अध्यात्म-पथ-प्रदर्शक.html","आरती-संग्रह.html; गणेशस्तोत्ररत्नाकर.html; गीता-पुस्तकालय.html"
"Sub-Heading","243","14850","True","16","23","u_बृहदारण्यकोपनिषत्.html","आरती-संग्रह.html; गणेशस्तोत्ररत्नाकर.html; गीता-पुस्तकालय.html"
"char-style-override-9","242","2519","True","19","29","अध्यात्म-पथ-प्रदर्शक.html","आरती-संग्रह.html; गणेशस्तोत्ररत्नाकर.html; गीता-पुस्तकालय.html"
"Footnotes-Bold","240","26514","True","16","25","अध्यात्म-पथ-प्रदर्शक.html","गीता-पुस्तकालय.html; पद-रत्नाकर.html; भक्त नरसिंह मेहता.html"
"para-style-override-6","205","1806","True","17","26","अध्यात्म-पथ-प्रदर्शक.html","आरती-संग्रह.html; गणेशस्तोत्ररत्नाकर.html; गीता-पुस्तकालय.html"
"Shlok","204","169057","True","7","11","अच्छे बनो प्रथम पृष्ठ.html","गीता-पुस्तकालय.html; तत्त्वचिन्तामणि.html; पदच्छेद.html"
"char-style-override-10","203","3581","True","17","25","अध्यात्म-पथ-प्रदर्शक.html","आरती-संग्रह.html; गणेशस्तोत्ररत्नाकर.html; गीता-पुस्तकालय.html"
"Footnotes-Right","199","6941","True","12","18","अध्यात्म-पथ-प्रदर्शक.html","गीता-पुस्तकालय.html; भक्त नरसिंह मेहता.html; श्रीदुर्गासप्तशती.html"
"Shlok-Color-2","189","239648","True","9","12","अध्यात्मरामायण.html","गणेशस्तोत्ररत्नाकर.html; गीता-पुस्तकालय.html; पद-रत्नाकर.html"
"char-style-override-11","171","5626","True","15","23","अध्यात्म-पथ-प्रदर्शक.html","आरती-संग्रह.html; गीता-पुस्तकालय.html; तत्त्वचिन्तामणि.html"
"para-style-override-7","148","711","True","16","24","अध्यात्म-पथ-प्रदर्शक.html","आरती-संग्रह.html; गणेशस्तोत्ररत्नाकर.html; गीता-पुस्तकालय.html"
"char-style-override-12","142","1843","True","15","22","अध्यात्म-पथ-प्रदर्शक.html","आरती-संग्रह.html; गणेशस्तोत्ररत्नाकर.html; गीता-पुस्तकालय.html"
"Numbers","142","6311","True","12","16","अध्यात्मरामायण.html","गणेशस्तोत्ररत्नाकर.html; गीता-पुस्तकालय.html; भक्त नरसिंह मेहता.html"
"Chapter-End-Text","137","4096","True","10","12","अध्यात्मरामायण.html","गणेशस्तोत्ररत्नाकर.html; गीता-पुस्तकालय.html; विनय-पत्रिका.html"
"char-style-override-13","119","7304","True","14","21","अध्यात्मरामायण.html","गणेशस्तोत्ररत्नाकर.html; गीता-पुस्तकालय.html; तत्त्वचिन्तामणि.html"
"para-style-override-8","118","400","True","16","24","अध्यात्म-पथ-प्रदर्शक.html","आरती-संग्रह.html; गणेशस्तोत्ररत्नाकर.html; गीता-पुस्तकालय.html"
"Tavmev-Mata--pita","117","724","True","7","6","अध्यात्मरामायण.html","गणेशस्तोत्ररत्नाकर.html; गीता-पुस्तकालय.html; श्रीभक्तमाल.html"
"char-style-override-14","106","5364","True","15","23","अध्यात्मरामायण.html","गणेशस्तोत्ररत्नाकर.html; गीता-पुस्तकालय.html; तत्त्वचिन्तामणि.html"
"char-style-override-15","96","2087","True","14","21","अन्त्यकर्म श्राद्धप्रकाश प्रथम पृष्ठ.html","गणेशस्तोत्ररत्नाकर.html; गीता-पुस्तकालय.html; तत्त्वचिन्तामणि.html"
"Basic-Paragraph","95","245","True","5","5","अध्यात्म-पथ-प्रदर्शक.html","गणेशस्तोत्ररत्नाकर.html; गीता-पुस्तकालय.html; श्रीभक्तमाल.html"
"SHLOK","88","45583","True","4","5","अनन्य भक्तिसे भगवत्प्राप्ति.html","गणेशस्तोत्ररत्नाकर.html; गीता-पुस्तकालय.html; भगवान्_कैसे_मिलें.html"
"char-style-override-16","86","2707","True","14","22","अन्त्यकर्म श्राद्धप्रकाश प्रथम पृष्ठ.html","गीता-पुस्तकालय.html; तत्त्वचिन्तामणि.html; पद-रत्नाकर.html"
"para-style-override-9","86","1235","True","15","22","अध्यात्म-पथ-प्रदर्शक.html","आरती-संग्रह.html; गणेशस्तोत्ररत्नाकर.html; गीता-पुस्तकालय.html"
"char-style-override-17","81","305","True","14","22","अन्त्यकर्म श्राद्धप्रकाश प्रथम पृष्ठ.html","गणेशस्तोत्ररत्नाकर.html; गीता-पुस्तकालय.html; तत्त्वचिन्तामणि.html"
"frame-1","72","2667","True","6","9","अन्त्यकर्म श्राद्धप्रकाश प्रथम पृष्ठ.html","गीता-पुस्तकालय.html; तत्त्वचिन्तामणि.html; श्रीमद्भगवद्गीता_तत्त्वविवेचनी हिन्दी_टीकासहित.html"
"char-style-override-18","71","9919","True","11","17","अन्त्यकर्म श्राद्धप्रकाश प्रथम पृष्ठ.html","गीता-पुस्तकालय.html; पदच्छेद.html; भगवान्_कैसे_मिलें.html"
"para-style-override-10","71","483","True","15","22","अध्यात्म-पथ-प्रदर्शक.html","आरती-संग्रह.html; गणेशस्तोत्ररत्नाकर.html; गीता-पुस्तकालय.html"
"Shlok-Black","64","14884","True","2","2","अन्त्यकर्म श्राद्धप्रकाश प्रथम पृष्ठ.html","गीता-पुस्तकालय.html; श्रीमद्भगवद्गीता_साधक_संजीवनी.html"
"Image","61","3354","True","3","3","अन्त्यकर्म श्राद्धप्रकाश प्रथम पृष्ठ.html","गीता-पुस्तकालय.html; संक्षिप्त शिवपुराण.html; साधन सुधा सिन्धु.html"
"SHLOK-Black","61","17093","True","7","9","अध्यात्मविषयक पत्र प्रथम पृष्ठ.html","गीता-पुस्तकालय.html; श्रीदुर्गासप्तशती.html; श्रीभक्तमाल.html"
"char-style-override-19","60","646","True","11","17","अन्त्यकर्म श्राद्धप्रकाश प्रथम पृष्ठ.html","गीता-पुस्तकालय.html; तत्त्वचिन्तामणि.html; पदच्छेद.html"
"Text","58","52058","True","8","14","अमूल्य वचन प्रथम पृष्ठ.html","गीता-पुस्तकालय.html; तत्त्वचिन्तामणि.html; भगवान्_कैसे_मिलें.html"
"pravachan","57","366","True","1","1","अन्त्यकर्म श्राद्धप्रकाश प्रथम पृष्ठ.html","संक्षिप्त शिवपुराण.html"
"char-style-override-20","55","9292","True","11","17","अन्त्यकर्म श्राद्धप्रकाश प्रथम पृष्ठ.html","गणेशस्तोत्ररत्नाकर.html; गीता-पुस्तकालय.html; तत्त्वचिन्तामणि.html"
"para-style-override-11","55","733","True","13","19","अध्यात्म-पथ-प्रदर्शक.html","आरती-संग्रह.html; गीता-पुस्तकालय.html; तत्त्वचिन्तामणि.html"
"Main-Heading","48","606","True","2","2","अमूल्य वचन प्रथम पृष्ठ.html","गीता-पुस्तकालय.html; तत्त्वचिन्तामणि.html"
"char-style-override-21","47","993","True","10","16","अन्त्यकर्म श्राद्धप्रकाश प्रथम पृष्ठ.html","गीता-पुस्तकालय.html; तत्त्वचिन्तामणि.html; पदच्छेद.html"
"para-style-override-12","46","119","True","12","17","अध्यात्म-पथ-प्रदर्शक.html","आरती-संग्रह.html; गीता-पुस्तकालय.html; तत्त्वचिन्तामणि.html"
"char-style-override-22","43","218","True","10","16","अन्त्यकर्म श्राद्धप्रकाश प्रथम पृष्ठ.html","गीता-पुस्तकालय.html; तत्त्वचिन्तामणि.html; पदच्छेद.html"
"char-style-override-23","42","257","True","9","14","अन्त्यकर्म श्राद्धप्रकाश प्रथम पृष्ठ.html","गीता-पुस्तकालय.html; तत्त्वचिन्तामणि.html; पदच्छेद.html"
"para-style-override-13","39","81","True","12","17","अन्त्यकर्म श्राद्धप्रकाश प्रथम पृष्ठ.html","आरती-संग्रह.html; गीता-पुस्तकालय.html; तत्त्वचिन्तामणि.html"
"frame-2","39","537","True","5","7","अन्त्यकर्म श्राद्धप्रकाश प्रथम पृष्ठ.html","गीता-पुस्तकालय.html; तत्त्वचिन्तामणि.html; श्रीमद्भगवद्गीता_तत्त्वविवेचनी हिन्दी_टीकासहित.html"
"char-style-override-24","39","1449","True","9","14","अन्त्यकर्म श्राद्धप्रकाश प्रथम पृष्ठ.html","गीता-पुस्तकालय.html; तत्त्वचिन्तामणि.html; पदच्छेद.html"
"Uwach","39","6190","True","8","11","अध्यात्मरामायण.html","गणेशस्तोत्ररत्नाकर.html; गीता-पुस्तकालय.html; पद-रत्नाकर.html"
"Nayash","39","751","True","3","3","अनन्यभक्ति कैसे प्राप्त हो प्रथम पृष्ठ.html","गीता-पुस्तकालय.html; श्रीदुर्गासप्तशती.html; श्रीशुक सुधा सागर.html"
"Text-","38","38249","True","3","4","गीता माधुर्य प्रथम पृष्ठ.html","गीता-पुस्तकालय.html; भक्त नरसिंह मेहता.html; श्रीभीष्मपितामह.html"
"char-style-override-25","36","247","True","10","16","अन्त्यकर्म श्राद्धप्रकाश प्रथम पृष्ठ.html","गीता-पुस्तकालय.html; तत्त्वचिन्तामणि.html; पदच्छेद.html"
"para-style-override-14","35","243","True","11","16","अन्त्यकर्म श्राद्धप्रकाश प्रथम पृष्ठ.html","आरती-संग्रह.html; गीता-पुस्तकालय.html; तत्त्वचिन्तामणि.html"
"char-style-override-26","33","100","True","9","14","अन्त्यकर्म श्राद्धप्रकाश प्रथम पृष्ठ.html","गीता-पुस्तकालय.html; पदच्छेद.html; श्रीदुर्गासप्तशती.html"
"para-style-override-15","32","300","True","10","14","अन्त्यकर्म श्राद्धप्रकाश प्रथम पृष्ठ.html","आरती-संग्रह.html; गीता-पुस्तकालय.html; तत्त्वचिन्तामणि.html"
"char-style-override-27","30","159","True","8","13","अन्त्यकर्म श्राद्धप्रकाश प्रथम पृष्ठ.html","गीता-पुस्तकालय.html; तत्त्वचिन्तामणि.html; पदच्छेद.html"
"para-style-override-16","29","189","True","10","14","अन्त्यकर्म श्राद्धप्रकाश प्रथम पृष्ठ.html","आरती-संग्रह.html; गीता-पुस्तकालय.html; तत्त्वचिन्तामणि.html"
"Uvach","29","511","True","3","3","अन्त्यकर्म श्राद्धप्रकाश प्रथम पृष्ठ.html","गीता-पुस्तकालय.html; श्रीमद्भगवद्गीता_तत्त्वविवेचनी हिन्दी_टीकासहित.html; संक्षिप्त शिवपुराण.html"
"Chapter-end-Text","28","305","True","3","4","आदर्श भक्त प्रथम पृष्ठ.html","गीता-पुस्तकालय.html; भक्त नरसिंह मेहता.html; श्रीभीष्मपितामह.html"
"char-style-override-28","28","57","True","9","15","अन्त्यकर्म श्राद्धप्रकाश प्रथम पृष्ठ.html","गीता-पुस्तकालय.html; तत्त्वचिन्तामणि.html; पदच्छेद.html"
"char-style-override-29","27","324","True","9","15","अन्त्यकर्म श्राद्धप्रकाश प्रथम पृष्ठ.html","गीता-पुस्तकालय.html; तत्त्वचिन्तामणि.html; पदच्छेद.html"
"para-style-override-17","27","90","True","10","14","अन्त्यकर्म श्राद्धप्रकाश प्रथम पृष्ठ.html","आरती-संग्रह.html; गीता-पुस्तकालय.html; तत्त्वचिन्तामणि.html"
"para-style-override-18","25","86","True","10","14","अन्त्यकर्म श्राद्धप्रकाश प्रथम पृष्ठ.html","आरती-संग्रह.html; गीता-पुस्तकालय.html; तत्त्वचिन्तामणि.html"
"para-style-override-19","24","81","True","9","13","अन्त्यकर्म श्राद्धप्रकाश प्रथम पृष्ठ.html","आरती-संग्रह.html; गीता-पुस्तकालय.html; तत्त्वचिन्तामणि.html"
"char-style-override-30","23","95","True","9","15","अन्त्यकर्म श्राद्धप्रकाश प्रथम पृष्ठ.html","गीता-पुस्तकालय.html; तत्त्वचिन्तामणि.html; पदच्छेद.html"
"para-style-override-20","22","35","True","9","14","आरती-संग्रह.html","आरती-संग्रह.html; गीता-पुस्तकालय.html; तत्त्वचिन्तामणि.html"
"Title-Page---Sub-Heading","22","26","True","2","2","एक लोटा पानी प्रथम पृष्ठ.html","गीता-पुस्तकालय.html; पदच्छेद.html"
"para-style-override-21","21","39","True","8","12","आरती-संग्रह.html","आरती-संग्रह.html; गीता-पुस्तकालय.html; तत्त्वचिन्तामणि.html"
"Content","20","617","True","2","2","एक संत की वसीयत प्रथम पृष्ठ (1).html","गीता-पुस्तकालय.html; श्रीश्रीचैतन्य-चरितावली.html"
"Main-Heading---Book-Name-etc-","20","34","True","2","2","अध्यात्मरामायण.html","श्रीमद‍्भागवतमहापुराण.html; श्रीशुक सुधा सागर.html"
"frame-3","19","60","True","4","5","गयाश्राद्धपद्धति_माहात्म्य तथा_गयायात्राविधानसहित.html","गीता-पुस्तकालय.html; तत्त्वचिन्तामणि.html; श्रीमद्भगवद्गीता_साधक_संजीवनी.html"
"char-style-override-31","19","41","True","7","11","अन्त्यकर्म श्राद्धप्रकाश प्रथम पृष्ठ.html","गीता-पुस्तकालय.html; तत्त्वचिन्तामणि.html; पदच्छेद.html"
"para-style-override-22","18","59","True","7","11","आरती-संग्रह.html","आरती-संग्रह.html; गीता-पुस्तकालय.html; तत्त्वचिन्तामणि.html"
"char-style-override-32","18","284","True","7","11","अन्त्यकर्म श्राद्धप्रकाश प्रथम पृष्ठ.html","गीता-पुस्तकालय.html; तत्त्वचिन्तामणि.html; पदच्छेद.html"
"char-style-override-33","18","30","True","7","11","अन्त्यकर्म श्राद्धप्रकाश प्रथम पृष्ठ.html","गीता-पुस्तकालय.html; तत्त्वचिन्तामणि.html; पदच्छेद.html"
"para-style-override-23","17","56","True","7","11","आरती-संग्रह.html","आरती-संग्रह.html; गीता-पुस्तकालय.html; तत्त्वचिन्तामणि.html"
"Shlok-Right","17","1681","True","2","2","अन्त्यकर्म श्राद्धप्रकाश प्रथम पृष्ठ.html","गीता-पुस्तकालय.html; श्रीश्रीचैतन्य-चरितावली.html"
"toc","16","16","True","16","13","कल्याण_भक्त-चरिताङ्क.html","कल्याण_भक्त-चरिताङ्क.html; गणेशस्तोत्ररत्नाकर.html; तत्त्वचिन्तामणि.html"
"Page-Break-1","16","1932","True","6","9","अमूल्य समय का सदुपयोग प्रथम पृष्ठ.html","गीता-पुस्तकालय.html; तत्त्वचिन्तामणि.html; पद-रत्नाकर.html"
"Title-page---sub-title","16","24","True","2","2","अध्यात्मरामायण.html","श्रीमद‍्भागवतमहापुराण.html; श्रीशुक सुधा सागर.html"
"char-style-override-34","16","324","True","6","9","अन्त्यकर्म श्राद्धप्रकाश प्रथम पृष्ठ.html","गीता-पुस्तकालय.html; तत्त्वचिन्तामणि.html; पदच्छेद.html"
"toc-float-btn","16","16","True","16","72","कल्याण_भक्त-चरिताङ्क.html","कल्याण_भक्त-चरिताङ्क.html; गणेशस्तोत्ररत्नाकर.html; तत्त्वचिन्तामणि.html"
"toc-list","16","16","True","16","98","कल्याण_भक्त-चरिताङ्क.html","कल्याण_भक्त-चरिताङ्क.html; गणेशस्तोत्ररत्नाकर.html; तत्त्वचिन्तामणि.html"
"Right","15","2028","True","3","4","आध्यात्मिक प्रवचन प्रथम पृष्ठ.html","गीता-पुस्तकालय.html; तत्त्वचिन्तामणि.html; श्रीमद्भगवद्गीता_साधक_संजीवनी.html"
"Title-Page--Sub-Title","15","26","True","3","3","अनुराग पदावली प्रथम पृष्ठ.html","गीता-पुस्तकालय.html; विनय-पत्रिका.html; श्रीदुर्गासप्तशती.html"
"char-style-override-35","14","41","True","6","9","गीता ज्ञान प्रवेशिका प्रथम पृष्ठ (1).html","गीता-पुस्तकालय.html; तत्त्वचिन्तामणि.html; पदच्छेद.html"
"Footnotes-bold","14","3446","True","1","1","गीता-निबन्धावली प्रथम पृष्ठ.html","श्रीमद‍्भागवतमहापुराण.html"
"para-style-override-24","13","39","True","7","11","आरती-संग्रह.html","आरती-संग्रह.html; गीता-पुस्तकालय.html; तत्त्वचिन्तामणि.html"
"frame-4","13","33","True","3","3","गयाश्राद्धपद्धति_माहात्म्य तथा_गयायात्राविधानसहित.html","गीता-पुस्तकालय.html; तत्त्वचिन्तामणि.html; संक्षिप्त शिवपुराण.html"
"char-style-override-36","13","75","True","6","9","गीता ज्ञान प्रवेशिका प्रथम पृष्ठ (1).html","गीता-पुस्तकालय.html; तत्त्वचिन्तामणि.html; पदच्छेद.html"
"para-style-override-25","13","15","True","7","11","आरती-संग्रह.html","आरती-संग्रह.html; गीता-पुस्तकालय.html; तत्त्वचिन्तामणि.html"
"char-style-override-37","12","141","True","6","9","गीता ज्ञान प्रवेशिका प्रथम पृष्ठ (1).html","गीता-पुस्तकालय.html; तत्त्वचिन्तामणि.html; पदच्छेद.html"
"Sub-Head-2","12","1596","True","3","3","नित्यकर्म-पूजाप्रकाश (2).html","गीता-पुस्तकालय.html; श्रीमद‍्भागवतमहापुराण.html; श्रीश्रीचैतन्य-चरितावली.html"
"Shlok-Number","12","25161","True","6","9","गीता-प्रबोधनी.html","गीता-पुस्तकालय.html; पद-रत्नाकर.html; पदच्छेद.html"
"para-style-override-26","11","58","True","7","11","आरती-संग्रह.html","आरती-संग्रह.html; गीता-पुस्तकालय.html; तत्त्वचिन्तामणि.html"
"bg-swatch","11","66","True","11","15","कल्याण_भक्त-चरिताङ्क.html","कल्याण_भक्त-चरिताङ्क.html; गीता-पुस्तकालय.html; तत्त्वचिन्तामणि.html"
"settings-row","10","21","True","10","11","कल्याण_भक्त-चरिताङ्क.html","कल्याण_भक्त-चरिताङ्क.html; गीता-पुस्तकालय.html; पद-रत्नाकर.html"
"char-style-override-40","10","21","True","6","9","गीता ज्ञान प्रवेशिका प्रथम पृष्ठ (1).html","गीता-पुस्तकालय.html; तत्त्वचिन्तामणि.html; पदच्छेद.html"
"swatch-row","10","10","True","10","1","कल्याण_भक्त-चरिताङ्क.html","कल्याण_भक्त-चरिताङ्क.html; गीता-पुस्तकालय.html; पद-रत्नाकर.html"
"Sub-Head","10","92","True","1","1","अमरता की ओर प्रथम पृष्ठ.html","संक्षिप्त शिवपुराण.html"
"fontsize-controls","10","10","True","10","21","कल्याण_भक्त-चरिताङ्क.html","कल्याण_भक्त-चरिताङ्क.html; गीता-पुस्तकालय.html; पद-रत्नाकर.html"
"settings-label","10","21","True","10","1","कल्याण_भक्त-चरिताङ्क.html","कल्याण_भक्त-चरिताङ्क.html; गीता-पुस्तकालय.html; पद-रत्नाकर.html"
"char-style-override-39","10","38","True","6","9","गीता ज्ञान प्रवेशिका प्रथम पृष्ठ (1).html","गीता-पुस्तकालय.html; तत्त्वचिन्तामणि.html; पदच्छेद.html"
"char-style-override-41","10","45","True","6","9","गीता ज्ञान प्रवेशिका प्रथम पृष्ठ (1).html","गीता-पुस्तकालय.html; तत्त्वचिन्तामणि.html; पदच्छेद.html"
"toc-sublist","10","83","True","14","48","तत्त्वचिन्तामणि.html","कल्याण_भक्त-चरिताङ्क.html; तत्त्वचिन्तामणि.html; पद-रत्नाकर.html"
"char-style-override-38","10","122","True","6","9","गीता ज्ञान प्रवेशिका प्रथम पृष्ठ (1).html","गीता-पुस्तकालय.html; तत्त्वचिन्तामणि.html; पदच्छेद.html"
"para-style-override-27","10","15","True","7","11","आरती-संग्रह.html","आरती-संग्रह.html; गीता-पुस्तकालय.html; तत्त्वचिन्तामणि.html"
"char-style-override-42","9","45","True","6","9","गीता ज्ञान प्रवेशिका प्रथम पृष्ठ (1).html","गीता-पुस्तकालय.html; तत्त्वचिन्तामणि.html; पदच्छेद.html"
"char-style-override-44","9","15","True","6","9","गीता ज्ञान प्रवेशिका प्रथम पृष्ठ (1).html","गीता-पुस्तकालय.html; तत्त्वचिन्तामणि.html; पदच्छेद.html"
"Chapter-Heading","9","231","True","4","6","अनुस्मृति प्रथम पृष्ठ.html","गीता-पुस्तकालय.html; पदच्छेद.html; श्रीमद्भगवद्गीता_तत्त्वविवेचनी हिन्दी_टीकासहित.html"
"settings-panel","9","9","True","9","19","कल्याण_भक्त-चरिताङ्क.html","कल्याण_भक्त-चरिताङ्क.html; पद-रत्नाकर.html; पदच्छेद.html"
"settings-btn","9","9","True","9","19","कल्याण_भक्त-चरिताङ्क.html","कल्याण_भक्त-चरिताङ्क.html; पद-रत्नाकर.html; पदच्छेद.html"
"para-style-override-28","9","266","True","5","7","आरती-संग्रह.html","आरती-संग्रह.html; गीता-पुस्तकालय.html; तत्त्वचिन्तामणि.html"
"Gadya","9","9594","True","3","3","उद्धार कैसे हो प्रथम पृष्ठ.html","गीता-पुस्तकालय.html; श्रीदुर्गासप्तशती.html; श्रीमद‍्भागवतमहापुराण.html"
"char-style-override-43","9","18","True","6","9","गीता ज्ञान प्रवेशिका प्रथम पृष्ठ (1).html","गीता-पुस्तकालय.html; तत्त्वचिन्तामणि.html; पदच्छेद.html"
"char-style-override-45","8","13","True","5","7","गीता ज्ञान प्रवेशिका प्रथम पृष्ठ (1).html","गीता-पुस्तकालय.html; तत्त्वचिन्तामणि.html; पदच्छेद.html"
"para-style-override-29","8","62","True","5","7","आरती-संग्रह.html","आरती-संग्रह.html; गीता-पुस्तकालय.html; तत्त्वचिन्तामणि.html"
"OM","8","14","True","3","3","शिखा (चोटी) धारणकी आवश्यकता प्रथम पृष्ठ.html","गीता-पुस्तकालय.html; श्रीदुर्गासप्तशती.html; श्रीमद‍्भागवतमहापुराण.html"
"para-style-override-30","8","11","True","5","7","आरती-संग्रह.html","आरती-संग्रह.html; गीता-पुस्तकालय.html; तत्त्वचिन्तामणि.html"
"para-style-override-31","7","32","True","5","7","आरती-संग्रह.html","आरती-संग्रह.html; गीता-पुस्तकालय.html; तत्त्वचिन्तामणि.html"
"para-style-override-32","7","11","True","4","5","आरती-संग्रह.html","आरती-संग्रह.html; गीता-पुस्तकालय.html; श्रीमद्भगवद्गीता_तत्त्वविवेचनी हिन्दी_टीकासहित.html"
"noteref","7","285","True","7","10","कल्याण_भक्त-चरिताङ्क.html","कल्याण_भक्त-चरिताङ्क.html; गीता-पुस्तकालय.html; पद-रत्नाकर.html"
"Normal","7","1656","True","3","3","आरती-संग्रह.html","आरती-संग्रह.html; गीता-पुस्तकालय.html; पदच्छेद.html"
"Sholk-Black","7","46","True","1","1","जानकी मंगल प्रथम पृष्ठ.html","विनय-पत्रिका.html"
"mantra","6","586","True","3","3","वेदान्त-दर्शन (ब्रह्मसूत्र) प्रथम पृष्ठ.html","गीता-पुस्तकालय.html; श्रीदुर्गासप्तशती.html; श्रीमद‍्भागवतमहापुराण.html"
"ChapterEnd1","6","106","True","4","6","कल्याण प्राप्ति के उपाय प्रथम पृष्ठ.html","गीता-पुस्तकालय.html; तत्त्वचिन्तामणि.html; श्रीमद्भगवद्गीता_तत्त्वविवेचनी हिन्दी_टीकासहित.html"
"char-style-override-46","6","16","True","5","7","तत्त्वचिन्तामणि.html","गीता-पुस्तकालय.html; तत्त्वचिन्तामणि.html; पदच्छेद.html"
"para-style-override-33","6","8","True","4","6","तत्त्वचिन्तामणि.html","गीता-पुस्तकालय.html; तत्त्वचिन्तामणि.html; श्रीमद्भगवद्गीता_तत्त्वविवेचनी हिन्दी_टीकासहित.html"
"para-style-override-34","6","12","True","4","6","तत्त्वचिन्तामणि.html","गीता-पुस्तकालय.html; तत्त्वचिन्तामणि.html; श्रीमद्भगवद्गीता_तत्त्वविवेचनी हिन्दी_टीकासहित.html"
"char-style-override-47","6","38","True","5","7","तत्त्वचिन्तामणि.html","गीता-पुस्तकालय.html; तत्त्वचिन्तामणि.html; पदच्छेद.html"
"Title-Page---Sub-Title","6","6","True","2","2","तर्पण विधि प्रथम पृष्ठ.html","गीता-पुस्तकालय.html; श्रीमद्भगवद्गीता_तत्त्वविवेचनी हिन्दी_टीकासहित.html"
"Arth","5","720","True","3","4","अनन्यभक्ति कैसे प्राप्त हो प्रथम पृष्ठ.html","गीता-पुस्तकालय.html; तत्त्वचिन्तामणि.html; श्रीमद्भगवद्गीता_तत्त्वविवेचनी हिन्दी_टीकासहित.html"
"Footnotes-Bold-1","5","207","True","2","2","गीता दर्पण प्रथम पृष्ठ.html","गीता-पुस्तकालय.html; साधन सुधा सिन्धु.html"
"para-style-override-35","5","16","True","4","6","तत्त्वचिन्तामणि.html","गीता-पुस्तकालय.html; तत्त्वचिन्तामणि.html; श्रीमद्भगवद्गीता_तत्त्वविवेचनी हिन्दी_टीकासहित.html"
"Footnote","5","223","True","3","4","आत्मोद्धारके साधन प्रथम पृष्ठ.html","गीता-पुस्तकालय.html; पदच्छेद.html; श्रीमद्भगवद्गीता_तत्त्वविवेचनी हिन्दी_टीकासहित.html"
"No-Paragraph-Style-1","5","29","True","3","4","गीता संग्रह प्रथम पृष्ठ.html","गीता-पुस्तकालय.html; श्रीमद्भगवद्गीता_साधक_संजीवनी.html; साधन सुधा सिन्धु.html"
"No-Paragraph-Style-2","5","6","True","3","4","गीता संग्रह प्रथम पृष्ठ.html","गीता-पुस्तकालय.html; श्रीमद्भगवद्गीता_साधक_संजीवनी.html; साधन सुधा सिन्धु.html"
"Footnotes-Right-1","5","57","True","2","2","गीता दर्पण प्रथम पृष्ठ.html","गीता-पुस्तकालय.html; साधन सुधा सिन्धु.html"
"Sub-head-2","4","198","True","2","2","कल्याण पथ प्रथम पृष्ठ.html","गीता-पुस्तकालय.html; साधन सुधा सिन्धु.html"
"char-style-override-50","4","17","True","5","7","तत्त्वचिन्तामणि.html","गीता-पुस्तकालय.html; तत्त्वचिन्तामणि.html; पदच्छेद.html"
"char-style-override-48","4","224","True","5","7","तत्त्वचिन्तामणि.html","गीता-पुस्तकालय.html; तत्त्वचिन्तामणि.html; पदच्छेद.html"
"char-style-override-49","4","114","True","5","7","तत्त्वचिन्तामणि.html","गीता-पुस्तकालय.html; तत्त्वचिन्तामणि.html; पदच्छेद.html"
"para-style-override-36","4","27","True","3","4","तत्त्वचिन्तामणि.html","गीता-पुस्तकालय.html; तत्त्वचिन्तामणि.html; श्रीमद्भगवद्गीता_साधक_संजीवनी.html"
"char-style-override-52","4","7","True","5","7","तत्त्वचिन्तामणि.html","गीता-पुस्तकालय.html; तत्त्वचिन्तामणि.html; पदच्छेद.html"
"char-style-override-53","4","4","True","5","7","तत्त्वचिन्तामणि.html","गीता-पुस्तकालय.html; तत्त्वचिन्तामणि.html; पदच्छेद.html"
"char-style-override-51","4","39","True","5","7","तत्त्वचिन्तामणि.html","गीता-पुस्तकालय.html; तत्त्वचिन्तामणि.html; पदच्छेद.html"
"para-style-override-38","4","16","True","3","4","तत्त्वचिन्तामणि.html","गीता-पुस्तकालय.html; तत्त्वचिन्तामणि.html; श्रीमद्भगवद्गीता_साधक_संजीवनी.html"
"Book-Name","4","6","True","3","4","गीता के परम प्रचारक प्रथम पृष्ठ.html","गीता-पुस्तकालय.html; पदच्छेद.html; श्रीमद्भगवद्गीता_तत्त्वविवेचनी हिन्दी_टीकासहित.html"
"Description","4","539","True","2","2","गृहस्थमें कैसे रहें प्रथम पृष्ठ.html","गीता-पुस्तकालय.html; भक्त नरसिंह मेहता.html"
"OM-Namah","4","7","True","3","3","श्रीकृष्ण विज्ञान प्रथम पृष्ठ.html","गीता-पुस्तकालय.html; श्रीमद‍्भागवतमहापुराण.html; साधन-सुधा-निधि.html"
"BODY-TEX","4","6","True","2","2","चिन्ता शोक कैसे मिटें प्रथम पृष्ठ.html","गीता-पुस्तकालय.html; भगवान्_कैसे_मिलें.html"
"para-style-override-37","4","11","True","3","4","तत्त्वचिन्तामणि.html","गीता-पुस्तकालय.html; तत्त्वचिन्तामणि.html; श्रीमद्भगवद्गीता_साधक_संजीवनी.html"
"Chapter-End","4","374","True","3","4","पदच्छेद.html","गीता-पुस्तकालय.html; पदच्छेद.html; श्रीश्रीचैतन्य-चरितावली.html"
"First-End-Page-text-1","3","3","True","6","10","गीता-प्रबोधनी.html","गीता-पुस्तकालय.html; तत्त्वचिन्तामणि.html; पद-रत्नाकर.html"
"block_59","3","3","True","4","5","कल्याण_भक्त-चरिताङ्क.html","कल्याण_भक्त-चरिताङ्क.html; गीता-पुस्तकालय.html; श्रीतुकाराम-चरित्र.html"
"block_58","3","4","True","4","5","कल्याण_भक्त-चरिताङ्क.html","कल्याण_भक्त-चरिताङ्क.html; गीता-पुस्तकालय.html; श्रीतुकाराम-चरित्र.html"
"block_61","3","633","True","4","5","कल्याण_भक्त-चरिताङ्क.html","कल्याण_भक्त-चरिताङ्क.html; गीता-पुस्तकालय.html; श्रीतुकाराम-चरित्र.html"
"block_60","3","7","True","4","5","कल्याण_भक्त-चरिताङ्क.html","कल्याण_भक्त-चरिताङ्क.html; गीता-पुस्तकालय.html; श्रीतुकाराम-चरित्र.html"
"block_57","3","17","True","4","5","कल्याण_भक्त-चरिताङ्क.html","कल्याण_भक्त-चरिताङ्क.html; गीता-पुस्तकालय.html; श्रीतुकाराम-चरित्र.html"
"block_26","3","197","True","4","5","कल्याण_भक्त-चरिताङ्क.html","कल्याण_भक्त-चरिताङ्क.html; गीता-पुस्तकालय.html; श्रीतुकाराम-चरित्र.html"
"block_80","3","33","True","4","5","कल्याण_भक्त-चरिताङ्क.html","कल्याण_भक्त-चरिताङ्क.html; गीता-पुस्तकालय.html; श्रीतुकाराम-चरित्र.html"
"block_55","3","10","True","4","5","कल्याण_भक्त-चरिताङ्क.html","कल्याण_भक्त-चरिताङ्क.html; गीता-पुस्तकालय.html; श्रीतुकाराम-चरित्र.html"
"block_56","3","5","True","4","5","कल्याण_भक्त-चरिताङ्क.html","कल्याण_भक्त-चरिताङ्क.html; गीता-पुस्तकालय.html; श्रीतुकाराम-चरित्र.html"
"block_81","3","2822","True","4","5","कल्याण_भक्त-चरिताङ्क.html","कल्याण_भक्त-चरिताङ्क.html; गीता-पुस्तकालय.html; श्रीतुकाराम-चरित्र.html"
"calibre4","3","1814","True","4","5","कल्याण_भक्त-चरिताङ्क.html","कल्याण_भक्त-चरिताङ्क.html; गीता-पुस्तकालय.html; श्रीतुकाराम-चरित्र.html"
"calibre11","3","231","True","4","5","कल्याण_भक्त-चरिताङ्क.html","कल्याण_भक्त-चरिताङ्क.html; गीता-पुस्तकालय.html; श्रीतुकाराम-चरित्र.html"
"block_79","3","3","True","4","5","कल्याण_भक्त-चरिताङ्क.html","कल्याण_भक्त-चरिताङ्क.html; गीता-पुस्तकालय.html; श्रीतुकाराम-चरित्र.html"
"block_78","3","4","True","4","5","कल्याण_भक्त-चरिताङ्क.html","कल्याण_भक्त-चरिताङ्क.html; गीता-पुस्तकालय.html; श्रीतुकाराम-चरित्र.html"
"block_77","3","4","True","4","5","कल्याण_भक्त-चरिताङ्क.html","कल्याण_भक्त-चरिताङ्क.html; गीता-पुस्तकालय.html; श्रीतुकाराम-चरित्र.html"
"block_76","3","5","True","4","5","कल्याण_भक्त-चरिताङ्क.html","कल्याण_भक्त-चरिताङ्क.html; गीता-पुस्तकालय.html; श्रीतुकाराम-चरित्र.html"
"block_68","3","5","True","4","5","कल्याण_भक्त-चरिताङ्क.html","कल्याण_भक्त-चरिताङ्क.html; गीता-पुस्तकालय.html; श्रीतुकाराम-चरित्र.html"
"block_69","3","8","True","4","5","कल्याण_भक्त-चरिताङ्क.html","कल्याण_भक्त-चरिताङ्क.html; गीता-पुस्तकालय.html; श्रीतुकाराम-चरित्र.html"
"block_67","3","10","True","4","5","कल्याण_भक्त-चरिताङ्क.html","कल्याण_भक्त-चरिताङ्क.html; गीता-पुस्तकालय.html; श्रीतुकाराम-चरित्र.html"
"block_66","3","9","True","4","5","कल्याण_भक्त-चरिताङ्क.html","कल्याण_भक्त-चरिताङ्क.html; गीता-पुस्तकालय.html; श्रीतुकाराम-चरित्र.html"
"footnote1","3","6","True","4","5","कल्याण_भक्त-चरिताङ्क.html","कल्याण_भक्त-चरिताङ्क.html; गीता-पुस्तकालय.html; श्रीतुकाराम-चरित्र.html"
"block_70","3","8","True","4","5","कल्याण_भक्त-चरिताङ्क.html","कल्याण_भक्त-चरिताङ्क.html; गीता-पुस्तकालय.html; श्रीतुकाराम-चरित्र.html"
"footnote","3","273","True","4","5","कल्याण_भक्त-चरिताङ्क.html","कल्याण_भक्त-चरिताङ्क.html; गीता-पुस्तकालय.html; श्रीतुकाराम-चरित्र.html"
"block_73","3","5","True","4","5","कल्याण_भक्त-चरिताङ्क.html","कल्याण_भक्त-चरिताङ्क.html; गीता-पुस्तकालय.html; श्रीतुकाराम-चरित्र.html"
"Image-1","3","7","True","2","2","गीता दर्पण प्रथम पृष्ठ.html","गीता-पुस्तकालय.html; साधन सुधा सिन्धु.html"
"block_71","3","12","True","4","5","कल्याण_भक्त-चरिताङ्क.html","कल्याण_भक्त-चरिताङ्क.html; गीता-पुस्तकालय.html; श्रीतुकाराम-चरित्र.html"
"block_72","3","16","True","4","5","कल्याण_भक्त-चरिताङ्क.html","कल्याण_भक्त-चरिताङ्क.html; गीता-पुस्तकालय.html; श्रीतुकाराम-चरित्र.html"
"text_6","3","193","True","4","5","कल्याण_भक्त-चरिताङ्क.html","कल्याण_भक्त-चरिताङ्क.html; गीता-पुस्तकालय.html; श्रीतुकाराम-चरित्र.html"
"block_63","3","11","True","4","5","कल्याण_भक्त-चरिताङ्क.html","कल्याण_भक्त-चरिताङ्क.html; गीता-पुस्तकालय.html; श्रीतुकाराम-चरित्र.html"
"calibre3","3","105","True","4","5","कल्याण_भक्त-चरिताङ्क.html","कल्याण_भक्त-चरिताङ्क.html; गीता-पुस्तकालय.html; श्रीतुकाराम-चरित्र.html"
"block_62","3","90","True","4","5","कल्याण_भक्त-चरिताङ्क.html","कल्याण_भक्त-चरिताङ्क.html; गीता-पुस्तकालय.html; श्रीतुकाराम-चरित्र.html"
"Chapter-Heading-1","3","5","True","2","2","गीता ज्ञान प्रवेशिका प्रथम पृष्ठ (1).html","गीता-पुस्तकालय.html; पद-रत्नाकर.html"
"block_75","3","5","True","4","5","कल्याण_भक्त-चरिताङ्क.html","कल्याण_भक्त-चरिताङ्क.html; गीता-पुस्तकालय.html; श्रीतुकाराम-चरित्र.html"
"block_74","3","9","True","4","5","कल्याण_भक्त-चरिताङ्क.html","कल्याण_भक्त-चरिताङ्क.html; गीता-पुस्तकालय.html; श्रीतुकाराम-चरित्र.html"
"text_9","3","38","True","4","5","कल्याण_भक्त-चरिताङ्क.html","कल्याण_भक्त-चरिताङ्क.html; गीता-पुस्तकालय.html; श्रीतुकाराम-चरित्र.html"
"text_15","3","7","True","4","5","कल्याण_भक्त-चरिताङ्क.html","कल्याण_भक्त-चरिताङ्क.html; गीता-पुस्तकालय.html; श्रीतुकाराम-चरित्र.html"
"block_64","3","9","True","4","5","कल्याण_भक्त-चरिताङ्क.html","कल्याण_भक्त-चरिताङ्क.html; गीता-पुस्तकालय.html; श्रीतुकाराम-चरित्र.html"
"block_65","3","6","True","4","5","कल्याण_भक्त-चरिताङ्क.html","कल्याण_भक्त-चरिताङ्क.html; गीता-पुस्तकालय.html; श्रीतुकाराम-चरित्र.html"
"block_25","3","4752","True","4","5","कल्याण_भक्त-चरिताङ्क.html","कल्याण_भक्त-चरिताङ्क.html; गीता-पुस्तकालय.html; श्रीतुकाराम-चरित्र.html"
"block_24","3","4","True","4","5","कल्याण_भक्त-चरिताङ्क.html","कल्याण_भक्त-चरिताङ्क.html; गीता-पुस्तकालय.html; श्रीतुकाराम-चरित्र.html"
"block_28","3","131","True","4","5","कल्याण_भक्त-चरिताङ्क.html","कल्याण_भक्त-चरिताङ्क.html; गीता-पुस्तकालय.html; श्रीतुकाराम-चरित्र.html"
"block_27","3","6","True","4","5","कल्याण_भक्त-चरिताङ्क.html","कल्याण_भक्त-चरिताङ्क.html; गीता-पुस्तकालय.html; श्रीतुकाराम-चरित्र.html"
"Sub-heading-2","3","629","True","2","2","भक्ति सुधा प्रथम पृष्ठ.html","गीता-पुस्तकालय.html; श्रीमद्भगवद्गीता_तत्त्वविवेचनी हिन्दी_टीकासहित.html"
"block_15","3","110","True","4","5","कल्याण_भक्त-चरिताङ्क.html","कल्याण_भक्त-चरिताङ्क.html; गीता-पुस्तकालय.html; श्रीतुकाराम-चरित्र.html"
"block_23","3","199","True","4","5","कल्याण_भक्त-चरिताङ्क.html","कल्याण_भक्त-चरिताङ्क.html; गीता-पुस्तकालय.html; श्रीतुकाराम-चरित्र.html"
"block_22","3","20","True","4","5","कल्याण_भक्त-चरिताङ्क.html","कल्याण_भक्त-चरिताङ्क.html; गीता-पुस्तकालय.html; श्रीतुकाराम-चरित्र.html"
"calibre6","3","32","True","4","5","कल्याण_भक्त-चरिताङ्क.html","कल्याण_भक्त-चरिताङ्क.html; गीता-पुस्तकालय.html; श्रीतुकाराम-चरित्र.html"
"block_33","3","8","True","4","5","कल्याण_भक्त-चरिताङ्क.html","कल्याण_भक्त-चरिताङ्क.html; गीता-पुस्तकालय.html; श्रीतुकाराम-चरित्र.html"
"block_32","3","25","True","4","5","कल्याण_भक्त-चरिताङ्क.html","कल्याण_भक्त-चरिताङ्क.html; गीता-पुस्तकालय.html; श्रीतुकाराम-चरित्र.html"
"block_36","3","4","True","4","5","कल्याण_भक्त-चरिताङ्क.html","कल्याण_भक्त-चरिताङ्क.html; गीता-पुस्तकालय.html; श्रीतुकाराम-चरित्र.html"
"block_34","3","4","True","4","5","कल्याण_भक्त-चरिताङ्क.html","कल्याण_भक्त-चरिताङ्क.html; गीता-पुस्तकालय.html; श्रीतुकाराम-चरित्र.html"
"block_30","3","186","True","4","5","कल्याण_भक्त-चरिताङ्क.html","कल्याण_भक्त-चरिताङ्क.html; गीता-पुस्तकालय.html; श्रीतुकाराम-चरित्र.html"
"block_29","3","9","True","4","5","कल्याण_भक्त-चरिताङ्क.html","कल्याण_भक्त-चरिताङ्क.html; गीता-पुस्तकालय.html; श्रीतुकाराम-चरित्र.html"
"tab","3","673","True","4","5","कल्याण_भक्त-चरिताङ्क.html","कल्याण_भक्त-चरिताङ्क.html; गीता-पुस्तकालय.html; श्रीतुकाराम-चरित्र.html"
"block_31","3","22","True","4","5","कल्याण_भक्त-चरिताङ्क.html","कल्याण_भक्त-चरिताङ्क.html; गीता-पुस्तकालय.html; श्रीतुकाराम-चरित्र.html"
"block_13","3","3","True","4","5","कल्याण_भक्त-चरिताङ्क.html","कल्याण_भक्त-चरिताङ्क.html; गीता-पुस्तकालय.html; श्रीतुकाराम-चरित्र.html"
"block_","3","4","True","4","5","कल्याण_भक्त-चरिताङ्क.html","कल्याण_भक्त-चरिताङ्क.html; गीता-पुस्तकालय.html; श्रीतुकाराम-चरित्र.html"
"No-Paragraph-Style-4","3","4","True","3","4","श्रीमद्भगवद्गीता_साधक_संजीवनी.html","गीता-पुस्तकालय.html; श्रीमद्भगवद्गीता_साधक_संजीवनी.html; साधन सुधा सिन्धु.html"
"block_2","3","5","True","4","5","कल्याण_भक्त-चरिताङ्क.html","कल्याण_भक्त-चरिताङ्क.html; गीता-पुस्तकालय.html; श्रीतुकाराम-चरित्र.html"
"block_1","3","5","True","4","5","कल्याण_भक्त-चरिताङ्क.html","कल्याण_भक्त-चरिताङ्क.html; गीता-पुस्तकालय.html; श्रीतुकाराम-चरित्र.html"
"Footnotes-Bold-2","3","90","True","2","2","श्रीहरिवंशपुराण प्रथम पृष्ठ.html","गीता-पुस्तकालय.html; साधन सुधा सिन्धु.html"
"block_82","3","19","True","4","5","कल्याण_भक्त-चरिताङ्क.html","कल्याण_भक्त-चरिताङ्क.html; गीता-पुस्तकालय.html; श्रीतुकाराम-चरित्र.html"
"No-Paragraph-Style-3","3","23","True","3","4","श्रीमद्भगवद्गीता_साधक_संजीवनी.html","गीता-पुस्तकालय.html; श्रीमद्भगवद्गीता_साधक_संजीवनी.html; साधन सुधा सिन्धु.html"
"Footnotes-Right-2","3","35","True","2","2","श्रीमद्वाल्मीकीय रामायण.html","गीता-पुस्तकालय.html; साधन सुधा सिन्धु.html"
"block_3","3","14","True","4","5","कल्याण_भक्त-चरिताङ्क.html","कल्याण_भक्त-चरिताङ्क.html; गीता-पुस्तकालय.html; श्रीतुकाराम-चरित्र.html"
"text_1","3","4","True","4","5","कल्याण_भक्त-चरिताङ्क.html","कल्याण_भक्त-चरिताङ्क.html; गीता-पुस्तकालय.html; श्रीतुकाराम-चरित्र.html"
"calibre1","3","1309","True","4","5","कल्याण_भक्त-चरिताङ्क.html","कल्याण_भक्त-चरिताङ्क.html; गीता-पुस्तकालय.html; श्रीतुकाराम-चरित्र.html"
"block_8","3","3","True","4","5","कल्याण_भक्त-चरिताङ्क.html","कल्याण_भक्त-चरिताङ्क.html; गीता-पुस्तकालय.html; श्रीतुकाराम-चरित्र.html"
"calibre2","3","199","True","4","4","कल्याण_भक्त-चरिताङ्क.html","कल्याण_भक्त-चरिताङ्क.html; गीता-पुस्तकालय.html; श्रीतुकाराम-चरित्र.html"
"block_7","3","6","True","4","5","कल्याण_भक्त-चरिताङ्क.html","कल्याण_भक्त-चरिताङ्क.html; गीता-पुस्तकालय.html; श्रीतुकाराम-चरित्र.html"
"block_6","3","11","True","4","5","कल्याण_भक्त-चरिताङ्क.html","कल्याण_भक्त-चरिताङ्क.html; गीता-पुस्तकालय.html; श्रीतुकाराम-चरित्र.html"
"block_5","3","1094","True","4","5","कल्याण_भक्त-चरिताङ्क.html","कल्याण_भक्त-चरिताङ्क.html; गीता-पुस्तकालय.html; श्रीतुकाराम-चरित्र.html"
"block_4","3","9","True","4","5","कल्याण_भक्त-चरिताङ्क.html","कल्याण_भक्त-चरिताङ्क.html; गीता-पुस्तकालय.html; श्रीतुकाराम-चरित्र.html"
"calibre7","3","20","True","4","5","कल्याण_भक्त-चरिताङ्क.html","कल्याण_भक्त-चरिताङ्क.html; गीता-पुस्तकालय.html; श्रीतुकाराम-चरित्र.html"
"para-style-override-44","3","8","True","3","4","तत्त्वचिन्तामणि.html","गीता-पुस्तकालय.html; तत्त्वचिन्तामणि.html; श्रीमद्भगवद्गीता_साधक_संजीवनी.html"
"para-style-override-45","3","11","True","3","4","तत्त्वचिन्तामणि.html","गीता-पुस्तकालय.html; तत्त्वचिन्तामणि.html; श्रीमद्भगवद्गीता_साधक_संजीवनी.html"
"para-style-override-42","3","4","True","3","4","तत्त्वचिन्तामणि.html","गीता-पुस्तकालय.html; तत्त्वचिन्तामणि.html; श्रीमद्भगवद्गीता_साधक_संजीवनी.html"
"para-style-override-43","3","5","True","3","4","तत्त्वचिन्तामणि.html","गीता-पुस्तकालय.html; तत्त्वचिन्तामणि.html; श्रीमद्भगवद्गीता_साधक_संजीवनी.html"
"para-style-override-48","3","5","True","3","4","तत्त्वचिन्तामणि.html","गीता-पुस्तकालय.html; तत्त्वचिन्तामणि.html; श्रीमद्भगवद्गीता_साधक_संजीवनी.html"
"para-style-override-49","3","15","True","3","4","तत्त्वचिन्तामणि.html","गीता-पुस्तकालय.html; तत्त्वचिन्तामणि.html; श्रीमद्भगवद्गीता_साधक_संजीवनी.html"
"para-style-override-46","3","4","True","3","4","तत्त्वचिन्तामणि.html","गीता-पुस्तकालय.html; तत्त्वचिन्तामणि.html; श्रीमद्भगवद्गीता_साधक_संजीवनी.html"
"para-style-override-47","3","19","True","3","4","तत्त्वचिन्तामणि.html","गीता-पुस्तकालय.html; तत्त्वचिन्तामणि.html; श्रीमद्भगवद्गीता_साधक_संजीवनी.html"
"para-style-override-41","3","3","True","3","4","तत्त्वचिन्तामणि.html","गीता-पुस्तकालय.html; तत्त्वचिन्तामणि.html; श्रीमद्भगवद्गीता_साधक_संजीवनी.html"
"block_53","3","28","True","4","5","कल्याण_भक्त-चरिताङ्क.html","कल्याण_भक्त-चरिताङ्क.html; गीता-पुस्तकालय.html; श्रीतुकाराम-चरित्र.html"
"block_51","3","8","True","4","5","कल्याण_भक्त-चरिताङ्क.html","कल्याण_भक्त-चरिताङ्क.html; गीता-पुस्तकालय.html; श्रीतुकाराम-चरित्र.html"
"block_21","3","177","True","4","5","कल्याण_भक्त-चरिताङ्क.html","कल्याण_भक्त-चरिताङ्क.html; गीता-पुस्तकालय.html; श्रीतुकाराम-चरित्र.html"
"block_54","3","24","True","4","5","कल्याण_भक्त-चरिताङ्क.html","कल्याण_भक्त-चरिताङ्क.html; गीता-पुस्तकालय.html; श्रीतुकाराम-चरित्र.html"
"para-style-override-39","3","3","True","3","4","तत्त्वचिन्तामणि.html","गीता-पुस्तकालय.html; तत्त्वचिन्तामणि.html; श्रीमद्भगवद्गीता_साधक_संजीवनी.html"
"para-style-override-40","3","5","True","3","4","तत्त्वचिन्तामणि.html","गीता-पुस्तकालय.html; तत्त्वचिन्तामणि.html; श्रीमद्भगवद्गीता_साधक_संजीवनी.html"
"toc-subsublist","3","116","True","6","25","तत्त्वचिन्तामणि.html","तत्त्वचिन्तामणि.html; पद-रत्नाकर.html; भगवान्_कैसे_मिलें.html"
"Subhed","3","395","True","2","2","तत्त्वचिन्तामणि.html","गीता-पुस्तकालय.html; तत्त्वचिन्तामणि.html"
"para-style-override-50","3","3","True","3","4","तत्त्वचिन्तामणि.html","गीता-पुस्तकालय.html; तत्त्वचिन्तामणि.html; श्रीमद्भगवद्गीता_साधक_संजीवनी.html"
"char-style-override-55","3","75","True","4","5","पदच्छेद.html","गीता-पुस्तकालय.html; पदच्छेद.html; श्रीमद्भगवद्गीता_साधक_संजीवनी.html"
"char-style-override-56","3","13","True","4","5","पदच्छेद.html","गीता-पुस्तकालय.html; पदच्छेद.html; श्रीमद्भगवद्गीता_साधक_संजीवनी.html"
"calibre8","3","17","True","4","5","कल्याण_भक्त-चरिताङ्क.html","कल्याण_भक्त-चरिताङ्क.html; गीता-पुस्तकालय.html; श्रीतुकाराम-चरित्र.html"
"char-style-override-54","3","3","True","4","5","पदच्छेद.html","गीता-पुस्तकालय.html; पदच्छेद.html; श्रीमद्भगवद्गीता_साधक_संजीवनी.html"
"block_38","3","300","True","4","5","कल्याण_भक्त-चरिताङ्क.html","कल्याण_भक्त-चरिताङ्क.html; गीता-पुस्तकालय.html; श्रीतुकाराम-चरित्र.html"
"block_35","3","33","True","4","5","कल्याण_भक्त-चरिताङ्क.html","कल्याण_भक्त-चरिताङ्क.html; गीता-पुस्तकालय.html; श्रीतुकाराम-चरित्र.html"
"char-style-override-57","3","29","True","4","5","पदच्छेद.html","गीता-पुस्तकालय.html; पदच्छेद.html; श्रीमद्भगवद्गीता_साधक_संजीवनी.html"
"char-style-override-58","3","5","True","4","5","पदच्छेद.html","गीता-पुस्तकालय.html; पदच्छेद.html; श्रीमद्भगवद्गीता_साधक_संजीवनी.html"
"block_44","3","17","True","4","5","कल्याण_भक्त-चरिताङ्क.html","कल्याण_भक्त-चरिताङ्क.html; गीता-पुस्तकालय.html; श्रीतुकाराम-चरित्र.html"
"calibre5","3","935","True","4","5","कल्याण_भक्त-चरिताङ्क.html","कल्याण_भक्त-चरिताङ्क.html; गीता-पुस्तकालय.html; श्रीतुकाराम-चरित्र.html"
"block_49","3","3","True","4","5","कल्याण_भक्त-चरिताङ्क.html","कल्याण_भक्त-चरिताङ्क.html; गीता-पुस्तकालय.html; श्रीतुकाराम-चरित्र.html"
"block_52","3","33","True","4","5","कल्याण_भक्त-चरिताङ्क.html","कल्याण_भक्त-चरिताङ्क.html; गीता-पुस्तकालय.html; श्रीतुकाराम-चरित्र.html"
"block_50","3","3","True","4","5","कल्याण_भक्त-चरिताङ्क.html","कल्याण_भक्त-चरिताङ्क.html; गीता-पुस्तकालय.html; श्रीतुकाराम-चरित्र.html"
"block_46","3","566","True","4","5","कल्याण_भक्त-चरिताङ्क.html","कल्याण_भक्त-चरिताङ्क.html; गीता-पुस्तकालय.html; श्रीतुकाराम-चरित्र.html"
"block_45","3","39","True","4","5","कल्याण_भक्त-चरिताङ्क.html","कल्याण_भक्त-चरिताङ्क.html; गीता-पुस्तकालय.html; श्रीतुकाराम-चरित्र.html"
"block_48","3","9","True","4","5","कल्याण_भक्त-चरिताङ्क.html","कल्याण_भक्त-चरिताङ्क.html; गीता-पुस्तकालय.html; श्रीतुकाराम-चरित्र.html"
"block_47","3","258","True","4","5","कल्याण_भक्त-चरिताङ्क.html","कल्याण_भक्त-चरिताङ्क.html; गीता-पुस्तकालय.html; श्रीतुकाराम-चरित्र.html"
"block_101","3","3","True","4","5","कल्याण_भक्त-चरिताङ्क.html","कल्याण_भक्त-चरिताङ्क.html; गीता-पुस्तकालय.html; श्रीतुकाराम-चरित्र.html"
"block_102","3","3","True","4","5","कल्याण_भक्त-चरिताङ्क.html","कल्याण_भक्त-चरिताङ्क.html; गीता-पुस्तकालय.html; श्रीतुकाराम-चरित्र.html"
"block_103","3","5","True","4","5","कल्याण_भक्त-चरिताङ्क.html","कल्याण_भक्त-चरिताङ्क.html; गीता-पुस्तकालय.html; श्रीतुकाराम-चरित्र.html"
"text_12","3","50","True","4","5","कल्याण_भक्त-चरिताङ्क.html","कल्याण_भक्त-चरिताङ्क.html; गीता-पुस्तकालय.html; श्रीतुकाराम-चरित्र.html"
"block_99","3","467","True","4","5","कल्याण_भक्त-चरिताङ्क.html","कल्याण_भक्त-चरिताङ्क.html; गीता-पुस्तकालय.html; श्रीतुकाराम-चरित्र.html"
"block_100","3","15","True","4","5","कल्याण_भक्त-चरिताङ्क.html","कल्याण_भक्त-चरिताङ्क.html; गीता-पुस्तकालय.html; श्रीतुकाराम-चरित्र.html"
"text_11","3","88","True","4","5","कल्याण_भक्त-चरिताङ्क.html","कल्याण_भक्त-चरिताङ्क.html; गीता-पुस्तकालय.html; श्रीतुकाराम-चरित्र.html"
"block_109","3","15","True","4","5","कल्याण_भक्त-चरिताङ्क.html","कल्याण_भक्त-चरिताङ्क.html; गीता-पुस्तकालय.html; श्रीतुकाराम-चरित्र.html"
"block_110","3","4","True","4","5","कल्याण_भक्त-चरिताङ्क.html","कल्याण_भक्त-चरिताङ्क.html; गीता-पुस्तकालय.html; श्रीतुकाराम-चरित्र.html"
"block_111","3","34","True","4","5","कल्याण_भक्त-चरिताङ्क.html","कल्याण_भक्त-चरिताङ्क.html; गीता-पुस्तकालय.html; श्रीतुकाराम-चरित्र.html"
"block_106","3","241","True","4","5","कल्याण_भक्त-चरिताङ्क.html","कल्याण_भक्त-चरिताङ्क.html; गीता-पुस्तकालय.html; श्रीतुकाराम-चरित्र.html"
"text_13","3","50","True","4","5","कल्याण_भक्त-चरिताङ्क.html","कल्याण_भक्त-चरिताङ्क.html; गीता-पुस्तकालय.html; श्रीतुकाराम-चरित्र.html"
"block_104","3","16","True","4","5","कल्याण_भक्त-चरिताङ्क.html","कल्याण_भक्त-चरिताङ्क.html; गीता-पुस्तकालय.html; श्रीतुकाराम-चरित्र.html"
"block_105","3","401","True","4","5","कल्याण_भक्त-चरिताङ्क.html","कल्याण_भक्त-चरिताङ्क.html; गीता-पुस्तकालय.html; श्रीतुकाराम-चरित्र.html"
"text_10","3","43","True","4","5","कल्याण_भक्त-चरिताङ्क.html","कल्याण_भक्त-चरिताङ्क.html; गीता-पुस्तकालय.html; श्रीतुकाराम-चरित्र.html"
"calibre13","3","261","True","4","5","कल्याण_भक्त-चरिताङ्क.html","कल्याण_भक्त-चरिताङ्क.html; गीता-पुस्तकालय.html; श्रीतुकाराम-चरित्र.html"
"block_91","3","47","True","4","5","कल्याण_भक्त-चरिताङ्क.html","कल्याण_भक्त-चरिताङ्क.html; गीता-पुस्तकालय.html; श्रीतुकाराम-चरित्र.html"
"block_92","3","17","True","4","5","कल्याण_भक्त-चरिताङ्क.html","कल्याण_भक्त-चरिताङ्क.html; गीता-पुस्तकालय.html; श्रीतुकाराम-चरित्र.html"
"block_90","3","77","True","4","5","कल्याण_भक्त-चरिताङ्क.html","कल्याण_भक्त-चरिताङ्क.html; गीता-पुस्तकालय.html; श्रीतुकाराम-चरित्र.html"
"block_87","3","67","True","4","5","कल्याण_भक्त-चरिताङ्क.html","कल्याण_भक्त-चरिताङ्क.html; गीता-पुस्तकालय.html; श्रीतुकाराम-चरित्र.html"
"block_88","3","9","True","4","5","कल्याण_भक्त-चरिताङ्क.html","कल्याण_भक्त-चरिताङ्क.html; गीता-पुस्तकालय.html; श्रीतुकाराम-चरित्र.html"
"block_89","3","7","True","4","5","कल्याण_भक्त-चरिताङ्क.html","कल्याण_भक्त-चरिताङ्क.html; गीता-पुस्तकालय.html; श्रीतुकाराम-चरित्र.html"
"block_96","3","12","True","4","5","कल्याण_भक्त-चरिताङ्क.html","कल्याण_भक्त-चरिताङ्क.html; गीता-पुस्तकालय.html; श्रीतुकाराम-चरित्र.html"
"block_97","3","9","True","4","5","कल्याण_भक्त-चरिताङ्क.html","कल्याण_भक्त-चरिताङ्क.html; गीता-पुस्तकालय.html; श्रीतुकाराम-चरित्र.html"
"block_98","3","43","True","4","5","कल्याण_भक्त-चरिताङ्क.html","कल्याण_भक्त-चरिताङ्क.html; गीता-पुस्तकालय.html; श्रीतुकाराम-चरित्र.html"
"block_95","3","13","True","4","5","कल्याण_भक्त-चरिताङ्क.html","कल्याण_भक्त-चरिताङ्क.html; गीता-पुस्तकालय.html; श्रीतुकाराम-चरित्र.html"
"text_17","3","8","True","4","5","कल्याण_भक्त-चरिताङ्क.html","कल्याण_भक्त-चरिताङ्क.html; गीता-पुस्तकालय.html; श्रीतुकाराम-चरित्र.html"
"block_93","3","122","True","4","5","कल्याण_भक्त-चरिताङ्क.html","कल्याण_भक्त-चरिताङ्क.html; गीता-पुस्तकालय.html; श्रीतुकाराम-चरित्र.html"
"block_94","3","3","True","4","5","कल्याण_भक्त-चरिताङ्क.html","कल्याण_भक्त-चरिताङ्क.html; गीता-पुस्तकालय.html; श्रीतुकाराम-चरित्र.html"
"block_113","3","45","True","4","5","कल्याण_भक्त-चरिताङ्क.html","कल्याण_भक्त-चरिताङ्क.html; गीता-पुस्तकालय.html; श्रीतुकाराम-चरित्र.html"
"block_133","3","10","True","4","5","कल्याण_भक्त-चरिताङ्क.html","कल्याण_भक्त-चरिताङ्क.html; गीता-पुस्तकालय.html; श्रीतुकाराम-चरित्र.html"
"block_134","3","32","True","4","5","कल्याण_भक्त-चरिताङ्क.html","कल्याण_भक्त-चरिताङ्क.html; गीता-पुस्तकालय.html; श्रीतुकाराम-चरित्र.html"
"block_135","3","3","True","4","5","कल्याण_भक्त-चरिताङ्क.html","कल्याण_भक्त-चरिताङ्क.html; गीता-पुस्तकालय.html; श्रीतुकाराम-चरित्र.html"
"block_132","3","73","True","4","5","कल्याण_भक्त-चरिताङ्क.html","कल्याण_भक्त-चरिताङ्क.html; गीता-पुस्तकालय.html; श्रीतुकाराम-चरित्र.html"
"block_129","3","3","True","4","5","कल्याण_भक्त-चरिताङ्क.html","कल्याण_भक्त-चरिताङ्क.html; गीता-पुस्तकालय.html; श्रीतुकाराम-चरित्र.html"
"block_130","3","30","True","4","5","कल्याण_भक्त-चरिताङ्क.html","कल्याण_भक्त-चरिताङ्क.html; गीता-पुस्तकालय.html; श्रीतुकाराम-चरित्र.html"
"block_131","3","9","True","4","5","कल्याण_भक्त-चरिताङ्क.html","कल्याण_भक्त-चरिताङ्क.html; गीता-पुस्तकालय.html; श्रीतुकाराम-चरित्र.html"
"text_19","3","11","True","4","5","कल्याण_भक्त-चरिताङ्क.html","कल्याण_भक्त-चरिताङ्क.html; गीता-पुस्तकालय.html; श्रीतुकाराम-चरित्र.html"
"text_16","3","6","True","4","5","कल्याण_भक्त-चरिताङ्क.html","कल्याण_भक्त-चरिताङ्क.html; गीता-पुस्तकालय.html; श्रीतुकाराम-चरित्र.html"
"text_20","3","5","True","4","5","कल्याण_भक्त-चरिताङ्क.html","कल्याण_भक्त-चरिताङ्क.html; गीता-पुस्तकालय.html; श्रीतुकाराम-चरित्र.html"
"text_18","3","26","True","4","5","कल्याण_भक्त-चरिताङ्क.html","कल्याण_भक्त-चरिताङ्क.html; गीता-पुस्तकालय.html; श्रीतुकाराम-चरित्र.html"
"block_137","3","4","True","4","5","कल्याण_भक्त-चरिताङ्क.html","कल्याण_भक्त-चरिताङ्क.html; गीता-पुस्तकालय.html; श्रीतुकाराम-चरित्र.html"
"block_138","3","10","True","4","5","कल्याण_भक्त-चरिताङ्क.html","कल्याण_भक्त-चरिताङ्क.html; गीता-पुस्तकालय.html; श्रीतुकाराम-चरित्र.html"
"block_139","3","11","True","4","5","कल्याण_भक्त-चरिताङ्क.html","कल्याण_भक्त-चरिताङ्क.html; गीता-पुस्तकालय.html; श्रीतुकाराम-चरित्र.html"
"block_128","3","45","True","4","5","कल्याण_भक्त-चरिताङ्क.html","कल्याण_भक्त-चरिताङ्क.html; गीता-पुस्तकालय.html; श्रीतुकाराम-चरित्र.html"
"block_118","3","6","True","4","5","कल्याण_भक्त-चरिताङ्क.html","कल्याण_भक्त-चरिताङ्क.html; गीता-पुस्तकालय.html; श्रीतुकाराम-चरित्र.html"
"block_119","3","5","True","4","5","कल्याण_भक्त-चरिताङ्क.html","कल्याण_भक्त-चरिताङ्क.html; गीता-पुस्तकालय.html; श्रीतुकाराम-चरित्र.html"
"block_120","3","32","True","4","5","कल्याण_भक्त-चरिताङ्क.html","कल्याण_भक्त-चरिताङ्क.html; गीता-पुस्तकालय.html; श्रीतुकाराम-चरित्र.html"
"block_117","3","84","True","4","5","कल्याण_भक्त-चरिताङ्क.html","कल्याण_भक्त-चरिताङ्क.html; गीता-पुस्तकालय.html; श्रीतुकाराम-चरित्र.html"
"block_114","3","5","True","4","5","कल्याण_भक्त-चरिताङ्क.html","कल्याण_भक्त-चरिताङ्क.html; गीता-पुस्तकालय.html; श्रीतुकाराम-चरित्र.html"
"block_115","3","113","True","4","5","कल्याण_भक्त-चरिताङ्क.html","कल्याण_भक्त-चरिताङ्क.html; गीता-पुस्तकालय.html; श्रीतुकाराम-चरित्र.html"
"block_116","3","88","True","4","5","कल्याण_भक्त-चरिताङ्क.html","कल्याण_भक्त-चरिताङ्क.html; गीता-पुस्तकालय.html; श्रीतुकाराम-चरित्र.html"
"block_125","3","21","True","4","5","कल्याण_भक्त-चरिताङ्क.html","कल्याण_भक्त-चरिताङ्क.html; गीता-पुस्तकालय.html; श्रीतुकाराम-चरित्र.html"
"block_126","3","9","True","4","5","कल्याण_भक्त-चरिताङ्क.html","कल्याण_भक्त-चरिताङ्क.html; गीता-पुस्तकालय.html; श्रीतुकाराम-चरित्र.html"
"block_127","3","167","True","4","5","कल्याण_भक्त-चरिताङ्क.html","कल्याण_भक्त-चरिताङ्क.html; गीता-पुस्तकालय.html; श्रीतुकाराम-चरित्र.html"
"calibre9","3","50","True","4","5","कल्याण_भक्त-चरिताङ्क.html","कल्याण_भक्त-चरिताङ्क.html; गीता-पुस्तकालय.html; श्रीतुकाराम-चरित्र.html"
"block_122","3","4","True","4","5","कल्याण_भक्त-चरिताङ्क.html","कल्याण_भक्त-चरिताङ्क.html; गीता-पुस्तकालय.html; श्रीतुकाराम-चरित्र.html"
"block_123","3","20","True","4","5","कल्याण_भक्त-चरिताङ्क.html","कल्याण_भक्त-चरिताङ्क.html; गीता-पुस्तकालय.html; श्रीतुकाराम-चरित्र.html"
"block_124","3","3","True","4","5","कल्याण_भक्त-चरिताङ्क.html","कल्याण_भक्त-चरिताङ्क.html; गीता-पुस्तकालय.html; श्रीतुकाराम-चरित्र.html"
"block_84","3","321","True","4","5","कल्याण_भक्त-चरिताङ्क.html","कल्याण_भक्त-चरिताङ्क.html; गीता-पुस्तकालय.html; श्रीतुकाराम-चरित्र.html"
"calibre12","3","383","True","4","5","कल्याण_भक्त-चरिताङ्क.html","कल्याण_भक्त-चरिताङ्क.html; गीता-पुस्तकालय.html; श्रीतुकाराम-चरित्र.html"
"block_86","3","68","True","4","5","कल्याण_भक्त-चरिताङ्क.html","कल्याण_भक्त-चरिताङ्क.html; गीता-पुस्तकालय.html; श्रीतुकाराम-चरित्र.html"
"block_83","3","6","True","4","5","कल्याण_भक्त-चरिताङ्क.html","कल्याण_भक्त-चरिताङ्क.html; गीता-पुस्तकालय.html; श्रीतुकाराम-चरित्र.html"
"char-style-override-69","2","14","True","3","3","श्रीमद्भगवद्गीता_साधक_संजीवनी.html","गीता-पुस्तकालय.html; श्रीमद्भगवद्गीता_साधक_संजीवनी.html; श्रीमद‍्भागवतमहापुराण.html"
"block_108","2","3","True","4","5","श्रीतुकाराम-चरित्र.html","कल्याण_भक्त-चरिताङ्क.html; गीता-पुस्तकालय.html; श्रीतुकाराम-चरित्र.html"
"char-style-override-77","2","3","True","3","3","श्रीमद्भगवद्गीता_साधक_संजीवनी.html","गीता-पुस्तकालय.html; श्रीमद्भगवद्गीता_साधक_संजीवनी.html; श्रीमद‍्भागवतमहापुराण.html"
"block_112","2","2","True","4","5","श्रीतुकाराम-चरित्र.html","कल्याण_भक्त-चरिताङ्क.html; गीता-पुस्तकालय.html; श्रीतुकाराम-चरित्र.html"
"char-style-override-68","2","5","True","3","3","श्रीमद्भगवद्गीता_साधक_संजीवनी.html","गीता-पुस्तकालय.html; श्रीमद्भगवद्गीता_साधक_संजीवनी.html; श्रीमद‍्भागवतमहापुराण.html"
"char-style-override-67","2","2","True","3","3","श्रीमद्भगवद्गीता_साधक_संजीवनी.html","गीता-पुस्तकालय.html; श्रीमद्भगवद्गीता_साधक_संजीवनी.html; श्रीमद‍्भागवतमहापुराण.html"
"char-style-override-76","2","3","True","3","3","श्रीमद्भगवद्गीता_साधक_संजीवनी.html","गीता-पुस्तकालय.html; श्रीमद्भगवद्गीता_साधक_संजीवनी.html; श्रीमद‍्भागवतमहापुराण.html"
"block_85","2","5","True","4","5","श्रीतुकाराम-चरित्र.html","कल्याण_भक्त-चरिताङ्क.html; गीता-पुस्तकालय.html; श्रीतुकाराम-चरित्र.html"
"block_43","2","8","True","4","5","श्रीतुकाराम-चरित्र.html","कल्याण_भक्त-चरिताङ्क.html; गीता-पुस्तकालय.html; श्रीतुकाराम-चरित्र.html"
"char-style-override-70","2","17","True","3","3","श्रीमद्भगवद्गीता_साधक_संजीवनी.html","गीता-पुस्तकालय.html; श्रीमद्भगवद्गीता_साधक_संजीवनी.html; श्रीमद‍्भागवतमहापुराण.html"
"char-style-override-71","2","4","True","3","3","श्रीमद्भगवद्गीता_साधक_संजीवनी.html","गीता-पुस्तकालय.html; श्रीमद्भगवद्गीता_साधक_संजीवनी.html; श्रीमद‍्भागवतमहापुराण.html"
"block_107","2","2","True","4","5","श्रीतुकाराम-चरित्र.html","कल्याण_भक्त-चरिताङ्क.html; गीता-पुस्तकालय.html; श्रीतुकाराम-चरित्र.html"
"char-style-override-66","2","2","True","3","3","श्रीमद्भगवद्गीता_साधक_संजीवनी.html","गीता-पुस्तकालय.html; श्रीमद्भगवद्गीता_साधक_संजीवनी.html; श्रीमद‍्भागवतमहापुराण.html"
"char-style-override-78","2","13","True","3","3","श्रीमद्भगवद्गीता_साधक_संजीवनी.html","गीता-पुस्तकालय.html; श्रीमद्भगवद्गीता_साधक_संजीवनी.html; श्रीमद‍्भागवतमहापुराण.html"
"char-style-override-61","2","2","True","3","3","श्रीमद्भगवद्गीता_साधक_संजीवनी.html","गीता-पुस्तकालय.html; श्रीमद्भगवद्गीता_साधक_संजीवनी.html; श्रीमद‍्भागवतमहापुराण.html"
"char-style-override-62","2","8","True","3","3","श्रीमद्भगवद्गीता_साधक_संजीवनी.html","गीता-पुस्तकालय.html; श्रीमद्भगवद्गीता_साधक_संजीवनी.html; श्रीमद‍्भागवतमहापुराण.html"
"Index-L2","2","670","True","1","1","श्रीमद‍्भागवतमहापुराण (2).html","श्रीमद‍्भागवतमहापुराण.html"
"char-style-override-60","2","3","True","3","3","श्रीमद्भगवद्गीता_साधक_संजीवनी.html","गीता-पुस्तकालय.html; श्रीमद्भगवद्गीता_साधक_संजीवनी.html; श्रीमद‍्भागवतमहापुराण.html"
"block_136","2","193","True","4","5","श्रीतुकाराम-चरित्र.html","कल्याण_भक्त-चरिताङ्क.html; गीता-पुस्तकालय.html; श्रीतुकाराम-चरित्र.html"
"char-style-override-63","2","2","True","3","3","श्रीमद्भगवद्गीता_साधक_संजीवनी.html","गीता-पुस्तकालय.html; श्रीमद्भगवद्गीता_साधक_संजीवनी.html; श्रीमद‍्भागवतमहापुराण.html"
"char-style-override-59","2","2","True","4","5","श्रीमद्भगवद्गीता_साधक_संजीवनी.html","गीता-पुस्तकालय.html; पदच्छेद.html; श्रीमद्भगवद्गीता_साधक_संजीवनी.html"
"Index-L1","2","26","True","1","1","श्रीमद‍्भागवतमहापुराण (2).html","श्रीमद‍्भागवतमहापुराण.html"
"char-style-override-65","2","2","True","3","3","श्रीमद्भगवद्गीता_साधक_संजीवनी.html","गीता-पुस्तकालय.html; श्रीमद्भगवद्गीता_साधक_संजीवनी.html; श्रीमद‍्भागवतमहापुराण.html"
"No-Paragraph-Style-7","2","3","True","3","4","श्रीमद्भगवद्गीता_साधक_संजीवनी.html","गीता-पुस्तकालय.html; श्रीमद्भगवद्गीता_साधक_संजीवनी.html; साधन सुधा सिन्धु.html"
"char-style-override-64","2","3","True","3","3","श्रीमद्भगवद्गीता_साधक_संजीवनी.html","गीता-पुस्तकालय.html; श्रीमद्भगवद्गीता_साधक_संजीवनी.html; श्रीमद‍्भागवतमहापुराण.html"
"block_121","2","3","True","4","5","श्रीतुकाराम-चरित्र.html","कल्याण_भक्त-चरिताङ्क.html; गीता-पुस्तकालय.html; श्रीतुकाराम-चरित्र.html"
"char-style-override-75","2","11","True","3","3","श्रीमद्भगवद्गीता_साधक_संजीवनी.html","गीता-पुस्तकालय.html; श्रीमद्भगवद्गीता_साधक_संजीवनी.html; श्रीमद‍्भागवतमहापुराण.html"
"block_10","2","2","True","4","5","कल्याण_भक्त-चरिताङ्क.html","कल्याण_भक्त-चरिताङ्क.html; गीता-पुस्तकालय.html; श्रीतुकाराम-चरित्र.html"
"block_11","2","3","True","4","5","कल्याण_भक्त-चरिताङ्क.html","कल्याण_भक्त-चरिताङ्क.html; गीता-पुस्तकालय.html; श्रीतुकाराम-चरित्र.html"
"F-1","2","5","True","2","2","श्रीकृष्ण गीतावली प्रथम पृष्ठ.html","गीता-पुस्तकालय.html; साधन-सुधा-निधि.html"
"FOOTNOTE","2","7","True","1","1","शतनामस्तोत्रसंग्रह.html","श्रीशुक सुधा सागर.html"
"char-style-override-74","2","5","True","3","3","श्रीमद्भगवद्गीता_साधक_संजीवनी.html","गीता-पुस्तकालय.html; श्रीमद्भगवद्गीता_साधक_संजीवनी.html; श्रीमद‍्भागवतमहापुराण.html"
"Solk-2","2","2","True","2","2","भगवान् कैसे मिलें.html","गीता-पुस्तकालय.html; भगवान्_कैसे_मिलें.html"
"Futnote","2","10","True","1","1","श्रीशुक सुधा सागर.html","श्रीशुक सुधा सागर.html"
"TXT-Right-copy","2","18","True","2","2","श्रीश्रीचैतन्य-चरितावली (2).html","गीता-पुस्तकालय.html; श्रीश्रीचैतन्य-चरितावली.html"
"o","2","416","True","2","2","श्रीभक्तमाल.min.html","श्रीभक्तमाल.min.html; श्रीमद‍्भागवतमहापुराण.min.html"
"block_12","2","5","True","4","5","कल्याण_भक्त-चरिताङ्क.html","कल्याण_भक्त-चरिताङ्क.html; गीता-पुस्तकालय.html; श्रीतुकाराम-चरित्र.html"
"block_14","2","4","True","4","5","कल्याण_भक्त-चरिताङ्क.html","कल्याण_भक्त-चरिताङ्क.html; गीता-पुस्तकालय.html; श्रीतुकाराम-चरित्र.html"
"block_16","2","116","True","4","5","कल्याण_भक्त-चरिताङ्क.html","कल्याण_भक्त-चरिताङ्क.html; गीता-पुस्तकालय.html; श्रीतुकाराम-चरित्र.html"
"text_21","2","9","True","4","5","श्रीतुकाराम-चरित्र.html","कल्याण_भक्त-चरिताङ्क.html; गीता-पुस्तकालय.html; श्रीतुकाराम-चरित्र.html"
"block_42","2","8","True","4","5","श्रीतुकाराम-चरित्र.html","कल्याण_भक्त-चरिताङ्क.html; गीता-पुस्तकालय.html; श्रीतुकाराम-चरित्र.html"
"block_41","2","171","True","4","5","श्रीतुकाराम-चरित्र.html","कल्याण_भक्त-चरिताङ्क.html; गीता-पुस्तकालय.html; श्रीतुकाराम-चरित्र.html"
"No-Paragraph-Style-6","2","9","True","3","4","श्रीमद्भगवद्गीता_साधक_संजीवनी.html","गीता-पुस्तकालय.html; श्रीमद्भगवद्गीता_साधक_संजीवनी.html; साधन सुधा सिन्धु.html"
"char-style-override-72","2","40","True","3","3","श्रीमद्भगवद्गीता_साधक_संजीवनी.html","गीता-पुस्तकालय.html; श्रीमद्भगवद्गीता_साधक_संजीवनी.html; श्रीमद‍्भागवतमहापुराण.html"
"char-style-override-73","2","16","True","3","3","श्रीमद्भगवद्गीता_साधक_संजीवनी.html","गीता-पुस्तकालय.html; श्रीमद्भगवद्गीता_साधक_संजीवनी.html; श्रीमद‍्भागवतमहापुराण.html"
"block_40","2","25","True","4","5","श्रीतुकाराम-चरित्र.html","कल्याण_भक्त-चरिताङ्क.html; गीता-पुस्तकालय.html; श्रीतुकाराम-चरित्र.html"
"text_8","2","77","True","4","5","श्रीतुकाराम-चरित्र.html","कल्याण_भक्त-चरिताङ्क.html; गीता-पुस्तकालय.html; श्रीतुकाराम-चरित्र.html"
"text_7","2","85","True","4","5","श्रीतुकाराम-चरित्र.html","कल्याण_भक्त-चरिताङ्क.html; गीता-पुस्तकालय.html; श्रीतुकाराम-चरित्र.html"
"text_","2","2","True","4","5","श्रीतुकाराम-चरित्र.html","कल्याण_भक्त-चरिताङ्क.html; गीता-पुस्तकालय.html; श्रीतुकाराम-चरित्र.html"
"block_39","2","1179","True","4","5","श्रीतुकाराम-चरित्र.html","कल्याण_भक्त-चरिताङ्क.html; गीता-पुस्तकालय.html; श्रीतुकाराम-चरित्र.html"
"block_37","2","5","True","4","5","श्रीतुकाराम-चरित्र.html","कल्याण_भक्त-चरिताङ्क.html; गीता-पुस्तकालय.html; श्रीतुकाराम-चरित्र.html"
"text_14","2","6","True","3","3","श्रीतुकाराम-चरित्र.html","गीता-पुस्तकालय.html; श्रीतुकाराम-चरित्र.html; श्रीमद्भगवद्गीता_मोटे_अक्षरोंमें.html"
"Shlok-Color--1","2","2","True","2","2","श्रीमद्वाल्मीकीय रामायण.html","गीता-पुस्तकालय.html; साधन सुधा सिन्धु.html"
"am","2","2","True","2","2","श्रीभक्तमाल.min.html","श्रीभक्तमाल.min.html; श्रीमद‍्भागवतमहापुराण.min.html"
"an","2","23","True","2","2","श्रीभक्तमाल.min.html","श्रीभक्तमाल.min.html; श्रीमद‍्भागवतमहापुराण.min.html"
"ao","2","19","True","2","2","श्रीभक्तमाल.min.html","श्रीभक्तमाल.min.html; श्रीमद‍्भागवतमहापुराण.min.html"
"ag","2","3","True","2","2","श्रीभक्तमाल.min.html","श्रीभक्तमाल.min.html; श्रीमद‍्भागवतमहापुराण.min.html"
"s","2","341","True","2","2","श्रीभक्तमाल.min.html","श्रीभक्तमाल.min.html; श्रीमद‍्भागवतमहापुराण.min.html"
"al","2","26","True","2","2","श्रीभक्तमाल.min.html","श्रीभक्तमाल.min.html; श्रीमद‍्भागवतमहापुराण.min.html"
"ad","2","80","True","2","2","श्रीभक्तमाल.min.html","श्रीभक्तमाल.min.html; श्रीमद‍्भागवतमहापुराण.min.html"
"ae","2","5","True","2","2","श्रीभक्तमाल.min.html","श्रीभक्तमाल.min.html; श्रीमद‍्भागवतमहापुराण.min.html"
"v","2","221","True","2","2","श्रीभक्तमाल.min.html","श्रीभक्तमाल.min.html; श्रीमद‍्भागवतमहापुराण.min.html"
"ap","2","20","True","2","2","श्रीभक्तमाल.min.html","श्रीभक्तमाल.min.html; श्रीमद‍्भागवतमहापुराण.min.html"
"t","2","282","True","2","2","श्रीभक्तमाल.min.html","श्रीभक्तमाल.min.html; श्रीमद‍्भागवतमहापुराण.min.html"
"at","2","16","True","2","2","श्रीभक्तमाल.min.html","श्रीभक्तमाल.min.html; श्रीमद‍्भागवतमहापुराण.min.html"
"ab","2","90","True","2","2","श्रीभक्तमाल.min.html","श्रीभक्तमाल.min.html; श्रीमद‍्भागवतमहापुराण.min.html"
"f","2","763","True","2","2","श्रीभक्तमाल.min.html","श्रीभक्तमाल.min.html; श्रीमद‍्भागवतमहापुराण.min.html"
"l","2","72","True","2","2","श्रीभक्तमाल.min.html","श्रीभक्तमाल.min.html; श्रीमद‍्भागवतमहापुराण.min.html"
"m","2","474","True","2","2","श्रीभक्तमाल.min.html","श्रीभक्तमाल.min.html; श्रीमद‍्भागवतमहापुराण.min.html"
"j","2","666","True","2","2","श्रीभक्तमाल.min.html","श्रीभक्तमाल.min.html; श्रीमद‍्भागवतमहापुराण.min.html"
"u","2","270","True","2","1","श्रीभक्तमाल.min.html","श्रीभक्तमाल.min.html; श्रीमद‍्भागवतमहापुराण.min.html"
"q","2","368","True","2","2","श्रीभक्तमाल.min.html","श्रीभक्तमाल.min.html; श्रीमद‍्भागवतमहापुराण.min.html"
"n","2","431","True","2","2","श्रीभक्तमाल.min.html","श्रीभक्तमाल.min.html; श्रीमद‍्भागवतमहापुराण.min.html"
"d","2","2251","True","2","2","श्रीभक्तमाल.min.html","श्रीभक्तमाल.min.html; श्रीमद‍्भागवतमहापुराण.min.html"
"i","2","722","True","2","2","श्रीभक्तमाल.min.html","श्रीभक्तमाल.min.html; श्रीमद‍्भागवतमहापुराण.min.html"
"b","2","18465","True","2","2","श्रीभक्तमाल.min.html","श्रीभक्तमाल.min.html; श्रीमद‍्भागवतमहापुराण.min.html"
"c","2","14591","True","2","2","श्रीभक्तमाल.min.html","श्रीभक्तमाल.min.html; श्रीमद‍्भागवतमहापुराण.min.html"
"k","2","612","True","2","2","श्रीभक्तमाल.min.html","श्रीभक्तमाल.min.html; श्रीमद‍्भागवतमहापुराण.min.html"
"ak","2","34","True","2","2","श्रीभक्तमाल.min.html","श्रीभक्तमाल.min.html; श्रीमद‍्भागवतमहापुराण.min.html"
"a","2","42622","True","2","1","श्रीभक्तमाल.min.html","श्रीभक्तमाल.min.html; श्रीमद‍्भागवतमहापुराण.min.html"
"x","2","202","True","1","1","श्रीभक्तमाल.min.html","श्रीभक्तमाल.min.html"
"Bhav-1","2","48","True","3","6","श्रीमद्भगवद्गीता_तत्त्वविवेचनी हिन्दी_टीकासहित.html","गीता-पुस्तकालय.html; श्रीमद्भगवद्गीता_तत्त्वविवेचनी हिन्दी_टीकासहित.html; श्रीमद्भगवद्गीता_साधक_संजीवनी.html"
"Sub-heading","2","287","True","3","4","श्रीमद्भगवद्गीता_तत्त्वविवेचनी हिन्दी_टीकासहित.html","गीता-पुस्तकालय.html; श्रीमद्भगवद्गीता_तत्त्वविवेचनी हिन्दी_टीकासहित.html; श्रीमद्भगवद्गीता_साधक_संजीवनी.html"
"Bhav-2","2","40","True","3","4","श्रीमद्भगवद्गीता_तत्त्वविवेचनी हिन्दी_टीकासहित.html","गीता-पुस्तकालय.html; श्रीमद्भगवद्गीता_तत्त्वविवेचनी हिन्दी_टीकासहित.html; श्रीमद्भगवद्गीता_साधक_संजीवनी.html"
"No-Paragraph-Style-8","2","10","True","3","4","श्रीमद्भगवद्गीता_साधक_संजीवनी.html","गीता-पुस्तकालय.html; श्रीमद्भगवद्गीता_साधक_संजीवनी.html; साधन सुधा सिन्धु.html"
"Bhav","2","33","True","3","4","श्रीमद्भगवद्गीता_तत्त्वविवेचनी हिन्दी_टीकासहित.html","गीता-पुस्तकालय.html; श्रीमद्भगवद्गीता_तत्त्वविवेचनी हिन्दी_टीकासहित.html; श्रीमद्भगवद्गीता_साधक_संजीवनी.html"
"aj","2","34","True","2","2","श्रीभक्तमाल.min.html","श्रीभक्तमाल.min.html; श्रीमद‍्भागवतमहापुराण.min.html"
"char-style-override-83","2","2","True","3","3","श्रीमद्भगवद्गीता_साधक_संजीवनी.html","गीता-पुस्तकालय.html; श्रीमद्भगवद्गीता_साधक_संजीवनी.html; श्रीमद‍्भागवतमहापुराण.html"
"e","2","1666","True","1","1","श्रीभक्तमाल.min.html","श्रीमद‍्भागवतमहापुराण.min.html"
"char-style-override-80","2","2","True","3","3","श्रीमद्भगवद्गीता_साधक_संजीवनी.html","गीता-पुस्तकालय.html; श्रीमद्भगवद्गीता_साधक_संजीवनी.html; श्रीमद‍्भागवतमहापुराण.html"
"char-style-override-79","2","15","True","3","3","श्रीमद्भगवद्गीता_साधक_संजीवनी.html","गीता-पुस्तकालय.html; श्रीमद्भगवद्गीता_साधक_संजीवनी.html; श्रीमद‍्भागवतमहापुराण.html"
"char-style-override-82","2","3","True","3","3","श्रीमद्भगवद्गीता_साधक_संजीवनी.html","गीता-पुस्तकालय.html; श्रीमद्भगवद्गीता_साधक_संजीवनी.html; श्रीमद‍्भागवतमहापुराण.html"
"char-style-override-81","2","3","True","3","3","श्रीमद्भगवद्गीता_साधक_संजीवनी.html","गीता-पुस्तकालय.html; श्रीमद्भगवद्गीता_साधक_संजीवनी.html; श्रीमद‍्भागवतमहापुराण.html"
"ah","2","45","True","1","1","श्रीभक्तमाल.min.html","श्रीभक्तमाल.min.html"
"Sambandh","2","1002","True","3","4","श्रीमद्भगवद्गीता_तत्त्वविवेचनी हिन्दी_टीकासहित.html","गीता-पुस्तकालय.html; श्रीमद्भगवद्गीता_तत्त्वविवेचनी हिन्दी_टीकासहित.html; श्रीमद्भगवद्गीता_साधक_संजीवनी.html"
"av","2","14","True","2","2","श्रीभक्तमाल.min.html","श्रीभक्तमाल.min.html; श्रीमद‍्भागवतमहापुराण.min.html"
"y","2","146","True","2","2","श्रीभक्तमाल.min.html","श्रीभक्तमाल.min.html; श्रीमद‍्भागवतमहापुराण.min.html"
"aq","2","19","True","2","2","श्रीभक्तमाल.min.html","श्रीभक्तमाल.min.html; श्रीमद‍्भागवतमहापुराण.min.html"
"af","2","58","True","2","2","श्रीभक्तमाल.min.html","श्रीभक्तमाल.min.html; श्रीमद‍्भागवतमहापुराण.min.html"
"au","2","16","True","2","2","श्रीभक्तमाल.min.html","श्रीभक्तमाल.min.html; श्रीमद‍्भागवतमहापुराण.min.html"
"ac","2","3","True","2","2","श्रीभक्तमाल.min.html","श्रीभक्तमाल.min.html; श्रीमद‍्भागवतमहापुराण.min.html"
"ar","2","19","True","2","2","श्रीभक्तमाल.min.html","श्रीभक्तमाल.min.html; श्रीमद‍्भागवतमहापुराण.min.html"
"as","2","19","True","2","2","श्रीभक्तमाल.min.html","श्रीभक्तमाल.min.html; श्रीमद‍्भागवतमहापुराण.min.html"
"w","2","204","True","2","2","श्रीभक्तमाल.min.html","श्रीभक्तमाल.min.html; श्रीमद‍्भागवतमहापुराण.min.html"
"Italik","2","94","True","3","4","श्रीमद्भगवद्गीता_तत्त्वविवेचनी हिन्दी_टीकासहित.html","गीता-पुस्तकालय.html; श्रीमद्भगवद्गीता_तत्त्वविवेचनी हिन्दी_टीकासहित.html; श्रीमद्भगवद्गीता_साधक_संजीवनी.html"
"aw","2","13","True","2","2","श्रीभक्तमाल.min.html","श्रीभक्तमाल.min.html; श्रीमद‍्भागवतमहापुराण.min.html"
"ai","2","40","True","2","2","श्रीभक्तमाल.min.html","श्रीभक्तमाल.min.html; श्रीमद‍्भागवतमहापुराण.min.html"
"z","2","112","True","2","2","श्रीभक्तमाल.min.html","श्रीभक्तमाल.min.html; श्रीमद‍्भागवतमहापुराण.min.html"
"para-style-override-51","2","4","True","3","4","तत्त्वचिन्तामणि.html","गीता-पुस्तकालय.html; तत्त्वचिन्तामणि.html; श्रीमद्भगवद्गीता_साधक_संजीवनी.html"
"Footnote-A","2","40","True","2","2","साधन सुधा निधि प्रथम पृष्ठ.html","गीता-पुस्तकालय.html; साधन-सुधा-निधि.html"
"text_24","2","3","True","3","3","कल्याण_भक्त-चरिताङ्क.html","कल्याण_भक्त-चरिताङ्क.html; गीता-पुस्तकालय.html; श्रीतुकाराम-चरित्र.html"
"Sub-Heading-A","2","2","True","2","2","साधन सुधा निधि प्रथम पृष्ठ.html","गीता-पुस्तकालय.html; साधन-सुधा-निधि.html"
"text_26","2","6","True","3","3","कल्याण_भक्त-चरिताङ्क.html","कल्याण_भक्त-चरिताङ्क.html; गीता-पुस्तकालय.html; श्रीतुकाराम-चरित्र.html"
"text_27","2","3","True","3","3","कल्याण_भक्त-चरिताङ्क.html","कल्याण_भक्त-चरिताङ्क.html; गीता-पुस्तकालय.html; श्रीतुकाराम-चरित्र.html"
"para-style-override-55","2","3","True","3","4","तत्त्वचिन्तामणि.html","गीता-पुस्तकालय.html; तत्त्वचिन्तामणि.html; श्रीमद्भगवद्गीता_साधक_संजीवनी.html"
"Center-Dais-A","2","1892","True","2","2","साधन सुधा निधि प्रथम पृष्ठ.html","गीता-पुस्तकालय.html; साधन-सुधा-निधि.html"
"para-style-override-52","2","7","True","3","4","तत्त्वचिन्तामणि.html","गीता-पुस्तकालय.html; तत्त्वचिन्तामणि.html; श्रीमद्भगवद्गीता_साधक_संजीवनी.html"
"text_22","2","3","True","3","3","कल्याण_भक्त-चरिताङ्क.html","कल्याण_भक्त-चरिताङ्क.html; गीता-पुस्तकालय.html; श्रीतुकाराम-चरित्र.html"
"Foot","2","28","True","1","1","गीता दर्पण प्रथम पृष्ठ.html","संक्षिप्त शिवपुराण.html"
"TXT-Right-Black","2","14","True","1","1","गणेशस्तोत्ररत्नाकर (2).html","गणेशस्तोत्ररत्नाकर.html"
"para-style-override-54","2","8","True","2","2","तत्त्वचिन्तामणि.html","गीता-पुस्तकालय.html; श्रीमद्भगवद्गीता_साधक_संजीवनी.html"
"para-style-override-53","2","2","True","3","4","तत्त्वचिन्तामणि.html","गीता-पुस्तकालय.html; तत्त्वचिन्तामणि.html; श्रीमद्भगवद्गीता_साधक_संजीवनी.html"
"block_145","2","2","True","3","3","कल्याण_भक्त-चरिताङ्क.html","कल्याण_भक्त-चरिताङ्क.html; गीता-पुस्तकालय.html; श्रीतुकाराम-चरित्र.html"
"calibre14","2","23","True","3","3","कल्याण_भक्त-चरिताङ्क.html","कल्याण_भक्त-चरिताङ्क.html; गीता-पुस्तकालय.html; श्रीतुकाराम-चरित्र.html"
"calibre10","2","26","True","4","5","कल्याण_भक्त-चरिताङ्क.html","कल्याण_भक्त-चरिताङ्क.html; गीता-पुस्तकालय.html; श्रीतुकाराम-चरित्र.html"
"block_141","2","15","True","3","3","कल्याण_भक्त-चरिताङ्क.html","कल्याण_भक्त-चरिताङ्क.html; गीता-पुस्तकालय.html; श्रीतुकाराम-चरित्र.html"
"block_142","2","27","True","3","3","कल्याण_भक्त-चरिताङ्क.html","कल्याण_भक्त-चरिताङ्क.html; गीता-पुस्तकालय.html; श्रीतुकाराम-चरित्र.html"
"Bole","2","567","True","3","4","पदच्छेद.html","गीता-पुस्तकालय.html; पदच्छेद.html; श्रीमद्भगवद्गीता_साधक_संजीवनी.html"
"block_143","2","15","True","3","3","कल्याण_भक्त-चरिताङ्क.html","कल्याण_भक्त-चरिताङ्क.html; गीता-पुस्तकालय.html; श्रीतुकाराम-चरित्र.html"
"block_144","2","5","True","3","3","कल्याण_भक्त-चरिताङ्क.html","कल्याण_भक्त-चरिताङ्क.html; गीता-पुस्तकालय.html; श्रीतुकाराम-चरित्र.html"
"Footnotes-Bold-3","2","55","True","2","2","संस्कार प्रकाश प्रथम पृष्ठ.html","गीता-पुस्तकालय.html; साधन सुधा सिन्धु.html"
"Footnotes-Right-3","2","9","True","2","2","संस्कार प्रकाश प्रथम पृष्ठ.html","गीता-पुस्तकालय.html; साधन सुधा सिन्धु.html"
"Sloke-AA","2","4","True","2","2","साधन सुधा निधि प्रथम पृष्ठ.html","गीता-पुस्तकालय.html; साधन-सुधा-निधि.html"
"text_25","2","38","True","3","3","कल्याण_भक्त-चरिताङ्क.html","कल्याण_भक्त-चरिताङ्क.html; गीता-पुस्तकालय.html; श्रीतुकाराम-चरित्र.html"
"Footnotes-1","2","41","True","2","2","गीता-प्रबोधनी.html","गीता-पुस्तकालय.html; साधन सुधा सिन्धु.html"
"block_140","2","5","True","3","3","कल्याण_भक्त-चरिताङ्क.html","कल्याण_भक्त-चरिताङ्क.html; गीता-पुस्तकालय.html; श्रीतुकाराम-चरित्र.html"
"Footnotes-2","2","42","True","2","2","गीता-प्रबोधनी.html","गीता-पुस्तकालय.html; साधन सुधा सिन्धु.html"
"Footnotes-Right-4","1","2","True","2","2","साधन सुधा सिन्धु.html","गीता-पुस्तकालय.html; साधन सुधा सिन्धु.html"
"Footnotes-Bold-5","1","62","True","2","2","साधन सुधा सिन्धु.html","गीता-पुस्तकालय.html; साधन सुधा सिन्धु.html"
"Footnotes-Bold-4","1","6","True","2","2","साधन सुधा सिन्धु.html","गीता-पुस्तकालय.html; साधन सुधा सिन्धु.html"
"Sub-head-2-5","1","6","True","2","2","साधन सुधा सिन्धु.html","गीता-पुस्तकालय.html; साधन सुधा सिन्धु.html"
"Footnotes-6","1","30","True","2","2","साधन सुधा सिन्धु.html","गीता-पुस्तकालय.html; साधन सुधा सिन्धु.html"
"Footnotes-Right-5","1","19","True","2","2","साधन सुधा सिन्धु.html","गीता-पुस्तकालय.html; साधन सुधा सिन्धु.html"
"para-style-override-63","1","2","True","2","2","श्रीमद्भगवद्गीता_साधक_संजीवनी.html","गीता-पुस्तकालय.html; श्रीमद्भगवद्गीता_साधक_संजीवनी.html"
"Footnotes-Right-11","1","8","True","2","2","साधन सुधा सिन्धु.html","गीता-पुस्तकालय.html; साधन सुधा सिन्धु.html"
"Footnotes-Bold-11","1","23","True","2","2","साधन सुधा सिन्धु.html","गीता-पुस्तकालय.html; साधन सुधा सिन्धु.html"
"char-style-override-102","1","1","True","2","2","श्रीमद्भगवद्गीता_साधक_संजीवनी.html","गीता-पुस्तकालय.html; श्रीमद्भगवद्गीता_साधक_संजीवनी.html"
"Sub-head-2-10","1","1","True","2","2","साधन सुधा सिन्धु.html","गीता-पुस्तकालय.html; साधन सुधा सिन्धु.html"
"para-style-override-62","1","2","True","2","2","श्रीमद्भगवद्गीता_साधक_संजीवनी.html","गीता-पुस्तकालय.html; श्रीमद्भगवद्गीता_साधक_संजीवनी.html"
"char-style-override-101","1","1","True","2","2","श्रीमद्भगवद्गीता_साधक_संजीवनी.html","गीता-पुस्तकालय.html; श्रीमद्भगवद्गीता_साधक_संजीवनी.html"
"book-table","1","1","True","2","12","साधन सुधा सिन्धु.html","गीता-पुस्तकालय.html; साधन सुधा सिन्धु.html"
"book-table-wrap","1","1","True","2","2","साधन सुधा सिन्धु.html","गीता-पुस्तकालय.html; साधन सुधा सिन्धु.html"
"Sub-head-2-1","1","10","True","2","2","साधन सुधा सिन्धु.html","गीता-पुस्तकालय.html; साधन सुधा सिन्धु.html"
"AA","1","1","True","2","2","साधन सुधा सिन्धु.html","गीता-पुस्तकालय.html; साधन सुधा सिन्धु.html"
"Footnotes-12","1","14","True","2","2","साधन सुधा सिन्धु.html","गीता-पुस्तकालय.html; साधन सुधा सिन्धु.html"
"Sub-head-2-3","1","29","True","2","2","साधन सुधा सिन्धु.html","गीता-पुस्तकालय.html; साधन सुधा सिन्धु.html"
"Footnotes-4","1","3","True","2","2","साधन सुधा सिन्धु.html","गीता-पुस्तकालय.html; साधन सुधा सिन्धु.html"
"Footnotes-11","1","62","True","2","2","साधन सुधा सिन्धु.html","गीता-पुस्तकालय.html; साधन सुधा सिन्धु.html"
"para-style-override-64","1","1","True","2","2","श्रीमद्भगवद्गीता_साधक_संजीवनी.html","गीता-पुस्तकालय.html; श्रीमद्भगवद्गीता_साधक_संजीवनी.html"
"Sub-head-2-9","1","19","True","2","2","साधन सुधा सिन्धु.html","गीता-पुस्तकालय.html; साधन सुधा सिन्धु.html"
"Footnotes-Right-10","1","34","True","2","2","साधन सुधा सिन्धु.html","गीता-पुस्तकालय.html; साधन सुधा सिन्धु.html"
"Footnotes-Bold-10","1","87","True","2","2","साधन सुधा सिन्धु.html","गीता-पुस्तकालय.html; साधन सुधा सिन्धु.html"
"Title-Page---Book-Name-Hindi","1","1","True","1","1","संक्षिप्त शिवपुराण.html","संक्षिप्त शिवपुराण.html"
"block_170","1","1","True","2","2","कल्याण_भक्त-चरिताङ्क.html","कल्याण_भक्त-चरिताङ्क.html; गीता-पुस्तकालय.html"
"block_169","1","1","True","2","2","कल्याण_भक्त-चरिताङ्क.html","कल्याण_भक्त-चरिताङ्क.html; गीता-पुस्तकालय.html"
"block_171","1","4","True","2","2","कल्याण_भक्त-चरिताङ्क.html","कल्याण_भक्त-चरिताङ्क.html; गीता-पुस्तकालय.html"
"block_0107","1","39","True","2","2","कल्याण_भक्त-चरिताङ्क.html","कल्याण_भक्त-चरिताङ्क.html; गीता-पुस्तकालय.html"
"block_172","1","4","True","2","2","कल्याण_भक्त-चरिताङ्क.html","कल्याण_भक्त-चरिताङ्क.html; गीता-पुस्तकालय.html"
"Numbers-2","1","11","True","2","2","साधन सुधा सिन्धु.html","गीता-पुस्तकालय.html; साधन सुधा सिन्धु.html"
"AA-1","1","1","True","2","2","साधन सुधा सिन्धु.html","गीता-पुस्तकालय.html; साधन सुधा सिन्धु.html"
"A","1","1","True","2","2","साधन सुधा सिन्धु.html","गीता-पुस्तकालय.html; साधन सुधा सिन्धु.html"
"Sub-head-2-4","1","9","True","2","2","साधन सुधा सिन्धु.html","गीता-पुस्तकालय.html; साधन सुधा सिन्धु.html"
"Footnotes-5","1","1","True","2","2","साधन सुधा सिन्धु.html","गीता-पुस्तकालय.html; साधन सुधा सिन्धु.html"
"Numbers-1","1","36","True","2","2","साधन सुधा सिन्धु.html","गीता-पुस्तकालय.html; साधन सुधा सिन्धु.html"
"Sub-head-2-13","1","1","True","2","2","साधन सुधा सिन्धु.html","गीता-पुस्तकालय.html; साधन सुधा सिन्धु.html"
"Sub-head-2-2","1","2","True","2","2","साधन सुधा सिन्धु.html","गीता-पुस्तकालय.html; साधन सुधा सिन्धु.html"
"Footnotes-3","1","26","True","2","2","साधन सुधा सिन्धु.html","गीता-पुस्तकालय.html; साधन सुधा सिन्धु.html"
"Footnotes-15","1","47","True","2","2","साधन सुधा सिन्धु.html","गीता-पुस्तकालय.html; साधन सुधा सिन्धु.html"
"Footnotes-Right-14","1","31","True","2","2","साधन सुधा सिन्धु.html","गीता-पुस्तकालय.html; साधन सुधा सिन्धु.html"
"Footnotes-Bold-14","1","75","True","2","2","साधन सुधा सिन्धु.html","गीता-पुस्तकालय.html; साधन सुधा सिन्धु.html"
"Footnotes-Right-9","1","10","True","2","2","साधन सुधा सिन्धु.html","गीता-पुस्तकालय.html; साधन सुधा सिन्धु.html"
"Footnotes-13","1","43","True","2","2","साधन सुधा सिन्धु.html","गीता-पुस्तकालय.html; साधन सुधा सिन्धु.html"
"No-Paragraph-Style-12","1","2","True","2","2","श्रीमद्भगवद्गीता_साधक_संजीवनी.html","गीता-पुस्तकालय.html; श्रीमद्भगवद्गीता_साधक_संजीवनी.html"
"Footnotes-10","1","10","True","2","2","साधन सुधा सिन्धु.html","गीता-पुस्तकालय.html; साधन सुधा सिन्धु.html"
"Footnotes-Right-12","1","14","True","2","2","साधन सुधा सिन्धु.html","गीता-पुस्तकालय.html; साधन सुधा सिन्धु.html"
"book-svg-wrap","1","3","True","2","4","साधन सुधा सिन्धु.html","गीता-पुस्तकालय.html; साधन सुधा सिन्धु.html"
"Sub-head-2-11","1","3","True","2","2","साधन सुधा सिन्धु.html","गीता-पुस्तकालय.html; साधन सुधा सिन्धु.html"
"Footnotes-Bold-12","1","46","True","2","2","साधन सुधा सिन्धु.html","गीता-पुस्तकालय.html; साधन सुधा सिन्धु.html"
"char-style-override-86","1","1","True","2","2","श्रीमद्भगवद्गीता_साधक_संजीवनी.html","गीता-पुस्तकालय.html; श्रीमद्भगवद्गीता_साधक_संजीवनी.html"
"Right-11","1","18","True","2","2","श्रीमद्भगवद्गीता_साधक_संजीवनी.html","गीता-पुस्तकालय.html; श्रीमद्भगवद्गीता_साधक_संजीवनी.html"
"No-Paragraph-Style-11","1","4","True","2","2","श्रीमद्भगवद्गीता_साधक_संजीवनी.html","गीता-पुस्तकालय.html; श्रीमद्भगवद्गीता_साधक_संजीवनी.html"
"char-style-override-87","1","2","True","2","2","श्रीमद्भगवद्गीता_साधक_संजीवनी.html","गीता-पुस्तकालय.html; श्रीमद्भगवद्गीता_साधक_संजीवनी.html"
"char-style-override-84","1","57","True","2","2","श्रीमद्भगवद्गीता_साधक_संजीवनी.html","गीता-पुस्तकालय.html; श्रीमद्भगवद्गीता_साधक_संजीवनी.html"
"Right-13","1","3","True","2","2","श्रीमद्भगवद्गीता_साधक_संजीवनी.html","गीता-पुस्तकालय.html; श्रीमद्भगवद्गीता_साधक_संजीवनी.html"
"No-Paragraph-Style-10","1","6","True","2","2","श्रीमद्भगवद्गीता_साधक_संजीवनी.html","गीता-पुस्तकालय.html; श्रीमद्भगवद्गीता_साधक_संजीवनी.html"
"char-style-override-85","1","1","True","2","2","श्रीमद्भगवद्गीता_साधक_संजीवनी.html","गीता-पुस्तकालय.html; श्रीमद्भगवद्गीता_साधक_संजीवनी.html"
"line","1","12","True","2","6","साधन सुधा सिन्धु.html","गीता-पुस्तकालय.html; साधन सुधा सिन्धु.html"
"Footnotes-Bold-7","1","71","True","2","2","साधन सुधा सिन्धु.html","गीता-पुस्तकालय.html; साधन सुधा सिन्धु.html"
"Footnotes-Right-7","1","25","True","2","2","साधन सुधा सिन्धु.html","गीता-पुस्तकालय.html; साधन सुधा सिन्धु.html"
"Footnotes-Right-6","1","9","True","2","2","साधन सुधा सिन्धु.html","गीता-पुस्तकालय.html; साधन सुधा सिन्धु.html"
"Footnotes-8","1","28","True","2","2","साधन सुधा सिन्धु.html","गीता-पुस्तकालय.html; साधन सुधा सिन्धु.html"
"calibre167","1","1","True","2","2","कल्याण_भक्त-चरिताङ्क.html","कल्याण_भक्त-चरिताङ्क.html; गीता-पुस्तकालय.html"
"cw","1","1","True","1","1","श्रीमद‍्भागवतमहापुराण.min.html","श्रीमद‍्भागवतमहापुराण.min.html"
"Right-6","1","2","True","2","2","श्रीमद्भगवद्गीता_साधक_संजीवनी.html","गीता-पुस्तकालय.html; श्रीमद्भगवद्गीता_साधक_संजीवनी.html"
"Sub-head-2-7","1","18","True","2","2","साधन सुधा सिन्धु.html","गीता-पुस्तकालय.html; साधन सुधा सिन्धु.html"
"Footnotes-14","1","36","True","2","2","साधन सुधा सिन्धु.html","गीता-पुस्तकालय.html; साधन सुधा सिन्धु.html"
"Sub-head-2-12","1","1","True","2","2","साधन सुधा सिन्धु.html","गीता-पुस्तकालय.html; साधन सुधा सिन्धु.html"
"Footnotes-Bold-13","1","109","True","2","2","साधन सुधा सिन्धु.html","गीता-पुस्तकालय.html; साधन सुधा सिन्धु.html"
"Footnotes-Right-13","1","32","True","2","2","साधन सुधा सिन्धु.html","गीता-पुस्तकालय.html; साधन सुधा सिन्धु.html"
"Footnotes-7","1","19","True","2","2","साधन सुधा सिन्धु.html","गीता-पुस्तकालय.html; साधन सुधा सिन्धु.html"
"Footnotes-Bold-6","1","24","True","2","2","साधन सुधा सिन्धु.html","गीता-पुस्तकालय.html; साधन सुधा सिन्धु.html"
"Numbers-3","1","1","True","2","2","साधन सुधा सिन्धु.html","गीता-पुस्तकालय.html; साधन सुधा सिन्धु.html"
"Sub-head-2-6","1","14","True","2","2","साधन सुधा सिन्धु.html","गीता-पुस्तकालय.html; साधन सुधा सिन्धु.html"
"Sub-head-2-8","1","2","True","2","2","साधन सुधा सिन्धु.html","गीता-पुस्तकालय.html; साधन सुधा सिन्धु.html"
"char-style-override-97","1","3","True","2","2","श्रीमद्भगवद्गीता_साधक_संजीवनी.html","गीता-पुस्तकालय.html; श्रीमद्भगवद्गीता_साधक_संजीवनी.html"
"para-style-override-59","1","1","True","2","2","श्रीमद्भगवद्गीता_साधक_संजीवनी.html","गीता-पुस्तकालय.html; श्रीमद्भगवद्गीता_साधक_संजीवनी.html"
"Footnotes-Bold-9","1","34","True","2","2","साधन सुधा सिन्धु.html","गीता-पुस्तकालय.html; साधन सुधा सिन्धु.html"
"Right-10","1","1","True","2","2","श्रीमद्भगवद्गीता_साधक_संजीवनी.html","गीता-पुस्तकालय.html; श्रीमद्भगवद्गीता_साधक_संजीवनी.html"
"para-style-override-56","1","1","True","3","4","श्रीमद्भगवद्गीता_साधक_संजीवनी.html","गीता-पुस्तकालय.html; तत्त्वचिन्तामणि.html; श्रीमद्भगवद्गीता_साधक_संजीवनी.html"
"para-style-override-58","1","1","True","2","2","श्रीमद्भगवद्गीता_साधक_संजीवनी.html","गीता-पुस्तकालय.html; श्रीमद्भगवद्गीता_साधक_संजीवनी.html"
"para-style-override-57","1","1","True","2","2","श्रीमद्भगवद्गीता_साधक_संजीवनी.html","गीता-पुस्तकालय.html; श्रीमद्भगवद्गीता_साधक_संजीवनी.html"
"char-style-override-99","1","1","True","2","2","श्रीमद्भगवद्गीता_साधक_संजीवनी.html","गीता-पुस्तकालय.html; श्रीमद्भगवद्गीता_साधक_संजीवनी.html"
"para-style-override-61","1","1","True","2","2","श्रीमद्भगवद्गीता_साधक_संजीवनी.html","गीता-पुस्तकालय.html; श्रीमद्भगवद्गीता_साधक_संजीवनी.html"
"Footnotes-9","1","1","True","2","2","साधन सुधा सिन्धु.html","गीता-पुस्तकालय.html; साधन सुधा सिन्धु.html"
"char-style-override-100","1","1","True","2","2","श्रीमद्भगवद्गीता_साधक_संजीवनी.html","गीता-पुस्तकालय.html; श्रीमद्भगवद्गीता_साधक_संजीवनी.html"
"para-style-override-60","1","11","True","2","2","श्रीमद्भगवद्गीता_साधक_संजीवनी.html","गीता-पुस्तकालय.html; श्रीमद्भगवद्गीता_साधक_संजीवनी.html"
"Footnotes-Right-8","1","1","True","2","2","साधन सुधा सिन्धु.html","गीता-पुस्तकालय.html; साधन सुधा सिन्धु.html"
"Footnotes-Bold-8","1","2","True","2","2","साधन सुधा सिन्धु.html","गीता-पुस्तकालय.html; साधन सुधा सिन्धु.html"
"char-style-override-98","1","1","True","2","2","श्रीमद्भगवद्गीता_साधक_संजीवनी.html","गीता-पुस्तकालय.html; श्रीमद्भगवद्गीता_साधक_संजीवनी.html"
"Etalic-6","1","2","True","2","2","श्रीमद्भगवद्गीता_साधक_संजीवनी.html","गीता-पुस्तकालय.html; श्रीमद्भगवद्गीता_साधक_संजीवनी.html"
"char-style-override-91","1","1","True","2","2","श्रीमद्भगवद्गीता_साधक_संजीवनी.html","गीता-पुस्तकालय.html; श्रीमद्भगवद्गीता_साधक_संजीवनी.html"
"Right-1","1","9","True","2","2","श्रीमद्भगवद्गीता_साधक_संजीवनी.html","गीता-पुस्तकालय.html; श्रीमद्भगवद्गीता_साधक_संजीवनी.html"
"right-3","1","12","True","2","4","श्रीमद्भगवद्गीता_साधक_संजीवनी.html","गीता-पुस्तकालय.html; श्रीमद्भगवद्गीता_साधक_संजीवनी.html"
"char-style-override-92","1","1","True","2","2","श्रीमद्भगवद्गीता_साधक_संजीवनी.html","गीता-पुस्तकालय.html; श्रीमद्भगवद्गीता_साधक_संजीवनी.html"
"char-style-override-88","1","10","True","2","2","श्रीमद्भगवद्गीता_साधक_संजीवनी.html","गीता-पुस्तकालय.html; श्रीमद्भगवद्गीता_साधक_संजीवनी.html"
"Right-12","1","5","True","2","2","श्रीमद्भगवद्गीता_साधक_संजीवनी.html","गीता-पुस्तकालय.html; श्रीमद्भगवद्गीता_साधक_संजीवनी.html"
"char-style-override-90","1","1","True","2","2","श्रीमद्भगवद्गीता_साधक_संजीवनी.html","गीता-पुस्तकालय.html; श्रीमद्भगवद्गीता_साधक_संजीवनी.html"
"char-style-override-89","1","2","True","2","2","श्रीमद्भगवद्गीता_साधक_संजीवनी.html","गीता-पुस्तकालय.html; श्रीमद्भगवद्गीता_साधक_संजीवनी.html"
"calibre29","1","1","True","2","2","कल्याण_भक्त-चरिताङ्क.html","कल्याण_भक्त-चरिताङ्क.html; गीता-पुस्तकालय.html"
"char-style-override-95","1","1","True","2","2","श्रीमद्भगवद्गीता_साधक_संजीवनी.html","गीता-पुस्तकालय.html; श्रीमद्भगवद्गीता_साधक_संजीवनी.html"
"right-5","1","16","True","2","4","श्रीमद्भगवद्गीता_साधक_संजीवनी.html","गीता-पुस्तकालय.html; श्रीमद्भगवद्गीता_साधक_संजीवनी.html"
"char-style-override-96","1","1","True","2","2","श्रीमद्भगवद्गीता_साधक_संजीवनी.html","गीता-पुस्तकालय.html; श्रीमद्भगवद्गीता_साधक_संजीवनी.html"
"Right-3","1","9","True","2","2","श्रीमद्भगवद्गीता_साधक_संजीवनी.html","गीता-पुस्तकालय.html; श्रीमद्भगवद्गीता_साधक_संजीवनी.html"
"char-style-override-93","1","1","True","2","2","श्रीमद्भगवद्गीता_साधक_संजीवनी.html","गीता-पुस्तकालय.html; श्रीमद्भगवद्गीता_साधक_संजीवनी.html"
"Etalic-3","1","1","True","2","2","श्रीमद्भगवद्गीता_साधक_संजीवनी.html","गीता-पुस्तकालय.html; श्रीमद्भगवद्गीता_साधक_संजीवनी.html"
"char-style-override-94","1","1","True","2","2","श्रीमद्भगवद्गीता_साधक_संजीवनी.html","गीता-पुस्तकालय.html; श्रीमद्भगवद्गीता_साधक_संजीवनी.html"
"bj","1","6","True","1","1","श्रीमद‍्भागवतमहापुराण.min.html","श्रीमद‍्भागवतमहापुराण.min.html"
"bx","1","3","True","1","1","श्रीमद‍्भागवतमहापुराण.min.html","श्रीमद‍्भागवतमहापुराण.min.html"
"dw","1","1","True","1","1","श्रीमद‍्भागवतमहापुराण.min.html","श्रीमद‍्भागवतमहापुराण.min.html"
"dv","1","1","True","1","1","श्रीमद‍्भागवतमहापुराण.min.html","श्रीमद‍्भागवतमहापुराण.min.html"
"dt","1","1","True","1","1","श्रीमद‍्भागवतमहापुराण.min.html","श्रीमद‍्भागवतमहापुराण.min.html"
"block_151","1","2","True","2","2","कल्याण_भक्त-चरिताङ्क.html","कल्याण_भक्त-चरिताङ्क.html; गीता-पुस्तकालय.html"
"du","1","1","True","1","1","श्रीमद‍्भागवतमहापुराण.min.html","श्रीमद‍्भागवतमहापुराण.min.html"
"dx","1","1","True","1","1","श्रीमद‍्भागवतमहापुराण.min.html","श्रीमद‍्भागवतमहापुराण.min.html"
"block_157","1","1","True","2","2","कल्याण_भक्त-चरिताङ्क.html","कल्याण_भक्त-चरिताङ्क.html; गीता-पुस्तकालय.html"
"dz","1","1","True","1","1","श्रीमद‍्भागवतमहापुराण.min.html","श्रीमद‍्भागवतमहापुराण.min.html"
"block_158","1","2","True","2","2","कल्याण_भक्त-चरिताङ्क.html","कल्याण_भक्त-चरिताङ्क.html; गीता-पुस्तकालय.html"
"block_156","1","1","True","2","2","कल्याण_भक्त-चरिताङ्क.html","कल्याण_भक्त-चरिताङ्क.html; गीता-पुस्तकालय.html"
"block_154","1","1","True","2","2","कल्याण_भक्त-चरिताङ्क.html","कल्याण_भक्त-चरिताङ्क.html; गीता-पुस्तकालय.html"
"block_155","1","1","True","2","2","कल्याण_भक्त-चरिताङ्क.html","कल्याण_भक्त-चरिताङ्क.html; गीता-पुस्तकालय.html"
"dy","1","1","True","1","1","श्रीमद‍्भागवतमहापुराण.min.html","श्रीमद‍्भागवतमहापुराण.min.html"
"ds","1","1","True","1","1","श्रीमद‍्भागवतमहापुराण.min.html","श्रीमद‍्भागवतमहापुराण.min.html"
"dm","1","1","True","1","1","श्रीमद‍्भागवतमहापुराण.min.html","श्रीमद‍्भागवतमहापुराण.min.html"
"dn","1","1","True","1","1","श्रीमद‍्भागवतमहापुराण.min.html","श्रीमद‍्भागवतमहापुराण.min.html"
"do","1","1","True","1","1","श्रीमद‍्भागवतमहापुराण.min.html","श्रीमद‍्भागवतमहापुराण.min.html"
"bl","1","6","True","1","1","श्रीमद‍्भागवतमहापुराण.min.html","श्रीमद‍्भागवतमहापुराण.min.html"
"ba","1","10","True","1","1","श्रीमद‍्भागवतमहापुराण.min.html","श्रीमद‍्भागवतमहापुराण.min.html"
"bo","1","4","True","1","1","श्रीमद‍्भागवतमहापुराण.min.html","श्रीमद‍्भागवतमहापुराण.min.html"
"cr","1","1","True","1","1","श्रीमद‍्भागवतमहापुराण.min.html","श्रीमद‍्भागवतमहापुराण.min.html"
"dp","1","1","True","1","1","श्रीमद‍्भागवतमहापुराण.min.html","श्रीमद‍्भागवतमहापुराण.min.html"
"dq","1","1","True","1","1","श्रीमद‍्भागवतमहापुराण.min.html","श्रीमद‍्भागवतमहापुराण.min.html"
"dr","1","1","True","1","1","श्रीमद‍्भागवतमहापुराण.min.html","श्रीमद‍्भागवतमहापुराण.min.html"
"bf","1","7","True","1","1","श्रीमद‍्भागवतमहापुराण.min.html","श्रीमद‍्भागवतमहापुराण.min.html"
"cv","1","1","True","1","1","श्रीमद‍्भागवतमहापुराण.min.html","श्रीमद‍्भागवतमहापुराण.min.html"
"cs","1","1","True","1","1","श्रीमद‍्भागवतमहापुराण.min.html","श्रीमद‍्भागवतमहापुराण.min.html"
"ct","1","1","True","1","1","श्रीमद‍्भागवतमहापुराण.min.html","श्रीमद‍्भागवतमहापुराण.min.html"
"cu","1","1","True","1","1","श्रीमद‍्भागवतमहापुराण.min.html","श्रीमद‍्भागवतमहापुराण.min.html"
"ea","1","1","True","1","1","श्रीमद‍्भागवतमहापुराण.min.html","श्रीमद‍्भागवतमहापुराण.min.html"
"calibre25","1","1","True","2","2","कल्याण_भक्त-चरिताङ्क.html","कल्याण_भक्त-चरिताङ्क.html; गीता-पुस्तकालय.html"
"calibre23","1","1","True","2","2","कल्याण_भक्त-चरिताङ्क.html","कल्याण_भक्त-चरिताङ्क.html; गीता-पुस्तकालय.html"
"FOOTNOTE-1","1","3","True","1","1","श्रीशुक सुधा सागर.html","श्रीशुक सुधा सागर.html"
"block_166","1","2","True","2","2","कल्याण_भक्त-चरिताङ्क.html","कल्याण_भक्त-चरिताङ्क.html; गीता-पुस्तकालय.html"
"block_167","1","2","True","2","2","कल्याण_भक्त-चरिताङ्क.html","कल्याण_भक्त-चरिताङ्क.html; गीता-पुस्तकालय.html"
"calibre27","1","1","True","2","2","कल्याण_भक्त-चरिताङ्क.html","कल्याण_भक्त-चरिताङ्क.html; गीता-पुस्तकालय.html"
"calibre26","1","1","True","2","2","कल्याण_भक्त-चरिताङ्क.html","कल्याण_भक्त-चरिताङ्क.html; गीता-पुस्तकालय.html"
"FOOTNOTE-2","1","9","True","1","1","श्रीशुक सुधा सागर.html","श्रीशुक सुधा सागर.html"
"block_163","1","1","True","2","2","कल्याण_भक्त-चरिताङ्क.html","कल्याण_भक्त-चरिताङ्क.html; गीता-पुस्तकालय.html"
"block_162","1","6","True","2","2","कल्याण_भक्त-चरिताङ्क.html","कल्याण_भक्त-चरिताङ्क.html; गीता-पुस्तकालय.html"
"block_161","1","14","True","2","2","कल्याण_भक्त-चरिताङ्क.html","कल्याण_भक्त-चरिताङ्क.html; गीता-पुस्तकालय.html"
"calibre24","1","1","True","2","2","कल्याण_भक्त-चरिताङ्क.html","कल्याण_भक्त-चरिताङ्क.html; गीता-पुस्तकालय.html"
"block_160","1","1","True","2","2","कल्याण_भक्त-चरिताङ्क.html","कल्याण_भक्त-चरिताङ्क.html; गीता-पुस्तकालय.html"
"block_165","1","2","True","2","2","कल्याण_भक्त-चरिताङ्क.html","कल्याण_भक्त-चरिताङ्क.html; गीता-पुस्तकालय.html"
"block_164","1","1","True","2","2","कल्याण_भक्त-चरिताङ्क.html","कल्याण_भक्त-चरिताङ्क.html; गीता-पुस्तकालय.html"
"calibre28","1","1","True","2","2","कल्याण_भक्त-चरिताङ्क.html","कल्याण_भक्त-चरिताङ्क.html; गीता-पुस्तकालय.html"
"bd","1","8","True","1","1","श्रीमद‍्भागवतमहापुराण.min.html","श्रीमद‍्भागवतमहापुराण.min.html"
"ec","1","1","True","1","1","श्रीमद‍्भागवतमहापुराण.min.html","श्रीमद‍्भागवतमहापुराण.min.html"
"ax","1","12","True","2","2","श्रीमद‍्भागवतमहापुराण.min.html","श्रीभक्तमाल.min.html; श्रीमद‍्भागवतमहापुराण.min.html"
"ch","1","2","True","1","1","श्रीमद‍्भागवतमहापुराण.min.html","श्रीमद‍्भागवतमहापुराण.min.html"
"block_159","1","1","True","2","2","कल्याण_भक्त-चरिताङ्क.html","कल्याण_भक्त-चरिताङ्क.html; गीता-पुस्तकालय.html"
"cg","1","2","True","1","1","श्रीमद‍्भागवतमहापुराण.min.html","श्रीमद‍्भागवतमहापुराण.min.html"
"eb","1","1","True","1","1","श्रीमद‍्भागवतमहापुराण.min.html","श्रीमद‍्भागवतमहापुराण.min.html"
"az","1","11","True","2","2","श्रीमद‍्भागवतमहापुराण.min.html","श्रीभक्तमाल.min.html; श्रीमद‍्भागवतमहापुराण.min.html"
"ca","1","2","True","1","1","श्रीमद‍्भागवतमहापुराण.min.html","श्रीमद‍्भागवतमहापुराण.min.html"
"block_168","1","1","True","2","2","कल्याण_भक्त-चरिताङ्क.html","कल्याण_भक्त-चरिताङ्क.html; गीता-पुस्तकालय.html"
"block_046","1","1","True","2","2","कल्याण_भक्त-चरिताङ्क.html","कल्याण_भक्त-चरिताङ्क.html; गीता-पुस्तकालय.html"
"ef","1","1","True","1","1","श्रीमद‍्भागवतमहापुराण.min.html","श्रीमद‍्भागवतमहापुराण.min.html"
"ed","1","1","True","1","1","श्रीमद‍्भागवतमहापुराण.min.html","श्रीमद‍्भागवतमहापुराण.min.html"
"ee","1","1","True","1","1","श्रीमद‍्भागवतमहापुराण.min.html","श्रीमद‍्भागवतमहापुराण.min.html"
"ci","1","2","True","1","1","श्रीमद‍्भागवतमहापुराण.min.html","श्रीमद‍्भागवतमहापुराण.min.html"
"r","1","335","True","2","2","श्रीमद‍्भागवतमहापुराण.min.html","श्रीभक्तमाल.min.html; श्रीमद‍्भागवतमहापुराण.min.html"
"cz","1","1","True","1","1","श्रीमद‍्भागवतमहापुराण.min.html","श्रीमद‍्भागवतमहापुराण.min.html"
"co","1","1","True","1","1","श्रीमद‍्भागवतमहापुराण.min.html","श्रीमद‍्भागवतमहापुराण.min.html"
"cb","1","2","True","1","1","श्रीमद‍्भागवतमहापुराण.min.html","श्रीमद‍्भागवतमहापुराण.min.html"
"be","1","8","True","1","1","श्रीमद‍्भागवतमहापुराण.min.html","श्रीमद‍्भागवतमहापुराण.min.html"
"bq","1","4","True","1","1","श्रीमद‍्भागवतमहापुराण.min.html","श्रीमद‍्भागवतमहापुराण.min.html"
"cy","1","1","True","1","1","श्रीमद‍्भागवतमहापुराण.min.html","श्रीमद‍्भागवतमहापुराण.min.html"
"da","1","1","True","1","1","श्रीमद‍्भागवतमहापुराण.min.html","श्रीमद‍्भागवतमहापुराण.min.html"
"dc","1","1","True","1","1","श्रीमद‍्भागवतमहापुराण.min.html","श्रीमद‍्भागवतमहापुराण.min.html"
"cc","1","2","True","1","1","श्रीमद‍्भागवतमहापुराण.min.html","श्रीमद‍्भागवतमहापुराण.min.html"
"dd","1","1","True","1","1","श्रीमद‍्भागवतमहापुराण.min.html","श्रीमद‍्भागवतमहापुराण.min.html"
"db","1","1","True","1","1","श्रीमद‍्भागवतमहापुराण.min.html","श्रीमद‍्भागवतमहापुराण.min.html"
"bh","1","1","True","1","1","श्रीमद‍्भागवतमहापुराण.min.html","श्रीमद‍्भागवतमहापुराण.min.html"
"cl","1","1","True","1","1","श्रीमद‍्भागवतमहापुराण.min.html","श्रीमद‍्भागवतमहापुराण.min.html"
"by","1","2","True","1","1","श्रीमद‍्भागवतमहापुराण.min.html","श्रीमद‍्भागवतमहापुराण.min.html"
"cn","1","1","True","1","1","श्रीमद‍्भागवतमहापुराण.min.html","श्रीमद‍्भागवतमहापुराण.min.html"
"calibre18","1","2","True","2","2","कल्याण_भक्त-चरिताङ्क.html","कल्याण_भक्त-चरिताङ्क.html; गीता-पुस्तकालय.html"
"bz","1","2","True","1","1","श्रीमद‍्भागवतमहापुराण.min.html","श्रीमद‍्भागवतमहापुराण.min.html"
"calibre19","1","1","True","2","2","कल्याण_भक्त-चरिताङ्क.html","कल्याण_भक्त-चरिताङ्क.html; गीता-पुस्तकालय.html"
"cj","1","1","True","1","1","श्रीमद‍्भागवतमहापुराण.min.html","श्रीमद‍्भागवतमहापुराण.min.html"
"calibre15","1","1","True","2","2","कल्याण_भक्त-चरिताङ्क.html","कल्याण_भक्त-चरिताङ्क.html; गीता-पुस्तकालय.html"
"calibre16","1","1","True","2","2","कल्याण_भक्त-चरिताङ्क.html","कल्याण_भक्त-चरिताङ्क.html; गीता-पुस्तकालय.html"
"calibre17","1","1","True","2","2","कल्याण_भक्त-चरिताङ्क.html","कल्याण_भक्त-चरिताङ्क.html; गीता-पुस्तकालय.html"
"ck","1","1","True","1","1","श्रीमद‍्भागवतमहापुराण.min.html","श्रीमद‍्भागवतमहापुराण.min.html"
"calibre20","1","1","True","2","2","कल्याण_भक्त-चरिताङ्क.html","कल्याण_भक्त-चरिताङ्क.html; गीता-पुस्तकालय.html"
"cx","1","1","True","1","1","श्रीमद‍्भागवतमहापुराण.min.html","श्रीमद‍्भागवतमहापुराण.min.html"
"calibre21","1","1","True","2","2","कल्याण_भक्त-चरिताङ्क.html","कल्याण_भक्त-चरिताङ्क.html; गीता-पुस्तकालय.html"
"cm","1","1","True","1","1","श्रीमद‍्भागवतमहापुराण.min.html","श्रीमद‍्भागवतमहापुराण.min.html"
"bi","1","6","True","1","1","श्रीमद‍्भागवतमहापुराण.min.html","श्रीमद‍्भागवतमहापुराण.min.html"
"p","1","362","True","2","2","श्रीमद‍्भागवतमहापुराण.min.html","श्रीभक्तमाल.min.html; श्रीमद‍्भागवतमहापुराण.min.html"
"bg","1","7","True","1","1","श्रीमद‍्भागवतमहापुराण.min.html","श्रीमद‍्भागवतमहापुराण.min.html"
"bm","1","5","True","1","1","श्रीमद‍्भागवतमहापुराण.min.html","श्रीमद‍्भागवतमहापुराण.min.html"
"ce","1","2","True","1","1","श्रीमद‍्भागवतमहापुराण.min.html","श्रीमद‍्भागवतमहापुराण.min.html"
"cf","1","2","True","1","1","श्रीमद‍्भागवतमहापुराण.min.html","श्रीमद‍्भागवतमहापुराण.min.html"
"bw","1","3","True","1","1","श्रीमद‍्भागवतमहापुराण.min.html","श्रीमद‍्भागवतमहापुराण.min.html"
"dh","1","1","True","1","1","श्रीमद‍्भागवतमहापुराण.min.html","श्रीमद‍्भागवतमहापुराण.min.html"
"bv","1","3","True","1","1","श्रीमद‍्भागवतमहापुराण.min.html","श्रीमद‍्भागवतमहापुराण.min.html"
"bc","1","9","True","1","1","श्रीमद‍्भागवतमहापुराण.min.html","श्रीमद‍्भागवतमहापुराण.min.html"
"dg","1","1","True","1","1","श्रीमद‍्भागवतमहापुराण.min.html","श्रीमद‍्भागवतमहापुराण.min.html"
"di","1","1","True","1","1","श्रीमद‍्भागवतमहापुराण.min.html","श्रीमद‍्भागवतमहापुराण.min.html"
"dl","1","1","True","1","1","श्रीमद‍्भागवतमहापुराण.min.html","श्रीमद‍्भागवतमहापुराण.min.html"
"cp","1","1","True","1","1","श्रीमद‍्भागवतमहापुराण.min.html","श्रीमद‍्भागवतमहापुराण.min.html"
"cq","1","1","True","1","1","श्रीमद‍्भागवतमहापुराण.min.html","श्रीमद‍्भागवतमहापुराण.min.html"
"dk","1","1","True","1","1","श्रीमद‍्भागवतमहापुराण.min.html","श्रीमद‍्भागवतमहापुराण.min.html"
"bt","1","3","True","1","1","श्रीमद‍्भागवतमहापुराण.min.html","श्रीमद‍्भागवतमहापुराण.min.html"
"block_150","1","2","True","2","2","कल्याण_भक्त-चरिताङ्क.html","कल्याण_भक्त-चरिताङ्क.html; गीता-पुस्तकालय.html"
"dj","1","1","True","1","1","श्रीमद‍्भागवतमहापुराण.min.html","श्रीमद‍्भागवतमहापुराण.min.html"
"df","1","1","True","1","1","श्रीमद‍्भागवतमहापुराण.min.html","श्रीमद‍्भागवतमहापुराण.min.html"
"bu","1","3","True","1","1","श्रीमद‍्भागवतमहापुराण.min.html","श्रीमद‍्भागवतमहापुराण.min.html"
"br","1","4","True","1","1","श्रीमद‍्भागवतमहापुराण.min.html","श्रीमद‍्भागवतमहापुराण.min.html"
"block_146","1","1","True","2","2","कल्याण_भक्त-चरिताङ्क.html","कल्याण_भक्त-चरिताङ्क.html; गीता-पुस्तकालय.html"
"bk","1","6","True","1","1","श्रीमद‍्भागवतमहापुराण.min.html","श्रीमद‍्भागवतमहापुराण.min.html"
"cd","1","2","True","1","1","श्रीमद‍्भागवतमहापुराण.min.html","श्रीमद‍्भागवतमहापुराण.min.html"
"calibre22","1","1","True","2","2","कल्याण_भक्त-चरिताङ्क.html","कल्याण_भक्त-चरिताङ्क.html; गीता-पुस्तकालय.html"
"ay","1","11","True","2","2","श्रीमद‍्भागवतमहापुराण.min.html","श्रीभक्तमाल.min.html; श्रीमद‍्भागवतमहापुराण.min.html"
"bp","1","4","True","1","1","श्रीमद‍्भागवतमहापुराण.min.html","श्रीमद‍्भागवतमहापुराण.min.html"
"block_148","1","1","True","2","2","कल्याण_भक्त-चरिताङ्क.html","कल्याण_भक्त-चरिताङ्क.html; गीता-पुस्तकालय.html"
"block_149","1","1","True","2","2","कल्याण_भक्त-चरिताङ्क.html","कल्याण_भक्त-चरिताङ्क.html; गीता-पुस्तकालय.html"
"de","1","1","True","1","1","श्रीमद‍्भागवतमहापुराण.min.html","श्रीमद‍्भागवतमहापुराण.min.html"
"block_147","1","1","True","2","2","कल्याण_भक्त-चरिताङ्क.html","कल्याण_भक्त-चरिताङ्क.html; गीता-पुस्तकालय.html"
"bb","1","9","True","1","1","श्रीमद‍्भागवतमहापुराण.min.html","श्रीमद‍्भागवतमहापुराण.min.html"
"bs","1","4","True","1","1","श्रीमद‍्भागवतमहापुराण.min.html","श्रीमद‍्भागवतमहापुराण.min.html"
"bn","1","5","True","1","1","श्रीमद‍्भागवतमहापुराण.min.html","श्रीमद‍्भागवतमहापुराण.min.html"
"calibre106","1","1","True","2","2","कल्याण_भक्त-चरिताङ्क.html","कल्याण_भक्त-चरिताङ्क.html; गीता-पुस्तकालय.html"
"block_208","1","1","True","2","2","कल्याण_भक्त-चरिताङ्क.html","कल्याण_भक्त-चरिताङ्क.html; गीता-पुस्तकालय.html"
"calibre105","1","1","True","2","2","कल्याण_भक्त-चरिताङ्क.html","कल्याण_भक्त-चरिताङ्क.html; गीता-पुस्तकालय.html"
"calibre103","1","1","True","2","2","कल्याण_भक्त-चरिताङ्क.html","कल्याण_भक्त-चरिताङ्क.html; गीता-पुस्तकालय.html"
"calibre104","1","1","True","2","2","कल्याण_भक्त-चरिताङ्क.html","कल्याण_भक्त-चरिताङ्क.html; गीता-पुस्तकालय.html"
"calibre110","1","1","True","2","2","कल्याण_भक्त-चरिताङ्क.html","कल्याण_भक्त-चरिताङ्क.html; गीता-पुस्तकालय.html"
"calibre111","1","1","True","2","2","कल्याण_भक्त-चरिताङ्क.html","कल्याण_भक्त-चरिताङ्क.html; गीता-पुस्तकालय.html"
"calibre109","1","1","True","2","2","कल्याण_भक्त-चरिताङ्क.html","कल्याण_भक्त-चरिताङ्क.html; गीता-पुस्तकालय.html"
"calibre107","1","1","True","2","2","कल्याण_भक्त-चरिताङ्क.html","कल्याण_भक्त-चरिताङ्क.html; गीता-पुस्तकालय.html"
"calibre108","1","1","True","2","2","कल्याण_भक्त-चरिताङ्क.html","कल्याण_भक्त-चरिताङ्क.html; गीता-पुस्तकालय.html"
"calibre98","1","1","True","2","2","कल्याण_भक्त-चरिताङ्क.html","कल्याण_भक्त-चरिताङ्क.html; गीता-पुस्तकालय.html"
"calibre99","1","1","True","2","2","कल्याण_भक्त-चरिताङ्क.html","कल्याण_भक्त-चरिताङ्क.html; गीता-पुस्तकालय.html"
"calibre97","1","1","True","2","2","कल्याण_भक्त-चरिताङ्क.html","कल्याण_भक्त-चरिताङ्क.html; गीता-पुस्तकालय.html"
"calibre95","1","1","True","2","2","कल्याण_भक्त-चरिताङ्क.html","कल्याण_भक्त-चरिताङ्क.html; गीता-पुस्तकालय.html"
"calibre96","1","1","True","2","2","कल्याण_भक्त-चरिताङ्क.html","कल्याण_भक्त-चरिताङ्क.html; गीता-पुस्तकालय.html"
"calibre102","1","1","True","2","2","कल्याण_भक्त-चरिताङ्क.html","कल्याण_भक्त-चरिताङ्क.html; गीता-पुस्तकालय.html"
"block_207","1","1","True","2","2","कल्याण_भक्त-चरिताङ्क.html","कल्याण_भक्त-चरिताङ्क.html; गीता-पुस्तकालय.html"
"calibre101","1","1","True","2","2","कल्याण_भक्त-चरिताङ्क.html","कल्याण_भक्त-चरिताङ्क.html; गीता-पुस्तकालय.html"
"calibre100","1","1","True","2","2","कल्याण_भक्त-चरिताङ्क.html","कल्याण_भक्त-चरिताङ्क.html; गीता-पुस्तकालय.html"
"block_206","1","1","True","2","2","कल्याण_भक्त-चरिताङ्क.html","कल्याण_भक्त-चरिताङ्क.html; गीता-पुस्तकालय.html"
"calibre119","1","1","True","2","2","कल्याण_भक्त-चरिताङ्क.html","कल्याण_भक्त-चरिताङ्क.html; गीता-पुस्तकालय.html"
"calibre120","1","1","True","2","2","कल्याण_भक्त-चरिताङ्क.html","कल्याण_भक्त-चरिताङ्क.html; गीता-पुस्तकालय.html"
"block_214","1","5","True","2","2","कल्याण_भक्त-चरिताङ्क.html","कल्याण_भक्त-चरिताङ्क.html; गीता-पुस्तकालय.html"
"calibre118","1","1","True","2","2","कल्याण_भक्त-चरिताङ्क.html","कल्याण_भक्त-चरिताङ्क.html; गीता-पुस्तकालय.html"
"block_213","1","1","True","2","2","कल्याण_भक्त-चरिताङ्क.html","कल्याण_भक्त-चरिताङ्क.html; गीता-पुस्तकालय.html"
"calibre124","1","1","True","2","2","कल्याण_भक्त-चरिताङ्क.html","कल्याण_भक्त-चरिताङ्क.html; गीता-पुस्तकालय.html"
"calibre125","1","1","True","2","2","कल्याण_भक्त-चरिताङ्क.html","कल्याण_भक्त-चरिताङ्क.html; गीता-पुस्तकालय.html"
"calibre123","1","1","True","2","2","कल्याण_भक्त-चरिताङ्क.html","कल्याण_भक्त-चरिताङ्क.html; गीता-पुस्तकालय.html"
"calibre121","1","1","True","2","2","कल्याण_भक्त-चरिताङ्क.html","कल्याण_भक्त-चरिताङ्क.html; गीता-पुस्तकालय.html"
"calibre122","1","1","True","2","2","कल्याण_भक्त-चरिताङ्क.html","कल्याण_भक्त-चरिताङ्क.html; गीता-पुस्तकालय.html"
"calibre115","1","1","True","2","2","कल्याण_भक्त-चरिताङ्क.html","कल्याण_भक्त-चरिताङ्क.html; गीता-पुस्तकालय.html"
"calibre116","1","1","True","2","2","कल्याण_भक्त-चरिताङ्क.html","कल्याण_भक्त-चरिताङ्क.html; गीता-पुस्तकालय.html"
"calibre114","1","1","True","2","2","कल्याण_भक्त-चरिताङ्क.html","कल्याण_भक्त-चरिताङ्क.html; गीता-पुस्तकालय.html"
"calibre112","1","1","True","2","2","कल्याण_भक्त-चरिताङ्क.html","कल्याण_भक्त-चरिताङ्क.html; गीता-पुस्तकालय.html"
"calibre113","1","1","True","2","2","कल्याण_भक्त-चरिताङ्क.html","कल्याण_भक्त-चरिताङ्क.html; गीता-पुस्तकालय.html"
"calibre117","1","1","True","2","2","कल्याण_भक्त-चरिताङ्क.html","कल्याण_भक्त-चरिताङ्क.html; गीता-पुस्तकालय.html"
"block_212","1","1","True","2","2","कल्याण_भक्त-चरिताङ्क.html","कल्याण_भक्त-चरिताङ्क.html; गीता-पुस्तकालय.html"
"block_211","1","5","True","2","2","कल्याण_भक्त-चरिताङ्क.html","कल्याण_भक्त-चरिताङ्क.html; गीता-पुस्तकालय.html"
"block_209","1","1","True","2","2","कल्याण_भक्त-चरिताङ्क.html","कल्याण_भक्त-चरिताङ्क.html; गीता-पुस्तकालय.html"
"block_210","1","2","True","2","2","कल्याण_भक्त-चरिताङ्क.html","कल्याण_भक्त-चरिताङ्क.html; गीता-पुस्तकालय.html"
"block_196","1","2","True","2","2","कल्याण_भक्त-चरिताङ्क.html","कल्याण_भक्त-चरिताङ्क.html; गीता-पुस्तकालय.html"
"calibre81","1","1","True","2","2","कल्याण_भक्त-चरिताङ्क.html","कल्याण_भक्त-चरिताङ्क.html; गीता-पुस्तकालय.html"
"calibre80","1","1","True","2","2","कल्याण_भक्त-चरिताङ्क.html","कल्याण_भक्त-चरिताङ्क.html; गीता-पुस्तकालय.html"
"Shlok-Subject","1","558","True","2","2","पदच्छेद.html","गीता-पुस्तकालय.html; पदच्छेद.html"
"Shlok-Number-copy","1","5","True","2","2","पद-रत्नाकर.html","गीता-पुस्तकालय.html; पद-रत्नाकर.html"
"calibre83","1","1","True","2","2","कल्याण_भक्त-चरिताङ्क.html","कल्याण_भक्त-चरिताङ्क.html; गीता-पुस्तकालय.html"
"calibre84","1","1","True","2","2","कल्याण_भक्त-चरिताङ्क.html","कल्याण_भक्त-चरिताङ्क.html; गीता-पुस्तकालय.html"
"column_2","1","542","True","2","2","कल्याण_भक्त-चरिताङ्क.html","कल्याण_भक्त-चरिताङ्क.html; गीता-पुस्तकालय.html"
"block_197","1","2","True","2","2","कल्याण_भक्त-चरिताङ्क.html","कल्याण_भक्त-चरिताङ्क.html; गीता-पुस्तकालय.html"
"calibre82","1","1","True","2","2","कल्याण_भक्त-चरिताङ्क.html","कल्याण_भक्त-चरिताङ्क.html; गीता-पुस्तकालय.html"
"calibre77","1","1","True","2","2","कल्याण_भक्त-चरिताङ्क.html","कल्याण_भक्त-चरिताङ्क.html; गीता-पुस्तकालय.html"
"calibre78","1","1","True","2","2","कल्याण_भक्त-चरिताङ्क.html","कल्याण_भक्त-चरिताङ्क.html; गीता-पुस्तकालय.html"
"calibre76","1","1","True","2","2","कल्याण_भक्त-चरिताङ्क.html","कल्याण_भक्त-चरिताङ्क.html; गीता-पुस्तकालय.html"
"block_037","1","185","True","2","2","कल्याण_भक्त-चरिताङ्क.html","कल्याण_भक्त-चरिताङ्क.html; गीता-पुस्तकालय.html"
"calibre75","1","1","True","2","2","कल्याण_भक्त-चरिताङ्क.html","कल्याण_भक्त-चरिताङ्क.html; गीता-पुस्तकालय.html"
"Shlok-L","1","1365","True","2","2","पदच्छेद.html","गीता-पुस्तकालय.html; पदच्छेद.html"
"Paradhan-Vishay","1","19","True","2","2","पदच्छेद.html","गीता-पुस्तकालय.html; पदच्छेद.html"
"Padchched-1","1","700","True","2","2","पदच्छेद.html","गीता-पुस्तकालय.html; पदच्छेद.html"
"calibre79","1","1","True","2","2","कल्याण_भक्त-चरिताङ्क.html","कल्याण_भक्त-चरिताङ्क.html; गीता-पुस्तकालय.html"
"block_193","1","1","True","2","2","कल्याण_भक्त-चरिताङ्क.html","कल्याण_भक्त-चरिताङ्क.html; गीता-पुस्तकालय.html"
"calibre90","1","1","True","2","2","कल्याण_भक्त-चरिताङ्क.html","कल्याण_भक्त-चरिताङ्क.html; गीता-पुस्तकालय.html"
"calibre91","1","1","True","2","2","कल्याण_भक्त-चरिताङ्क.html","कल्याण_भक्त-चरिताङ्क.html; गीता-पुस्तकालय.html"
"block_202","1","1","True","2","2","कल्याण_भक्त-चरिताङ्क.html","कल्याण_भक्त-चरिताङ्क.html; गीता-पुस्तकालय.html"
"block_200","1","2","True","2","2","कल्याण_भक्त-चरिताङ्क.html","कल्याण_भक्त-चरिताङ्क.html; गीता-पुस्तकालय.html"
"block_201","1","3","True","2","2","कल्याण_भक्त-चरिताङ्क.html","कल्याण_भक्त-चरिताङ्क.html; गीता-पुस्तकालय.html"
"block_205","1","11","True","2","2","कल्याण_भक्त-चरिताङ्क.html","कल्याण_भक्त-चरिताङ्क.html; गीता-पुस्तकालय.html"
"calibre94","1","1","True","2","2","कल्याण_भक्त-चरिताङ्क.html","कल्याण_भक्त-चरिताङ्क.html; गीता-पुस्तकालय.html"
"calibre93","1","1","True","2","2","कल्याण_भक्त-चरिताङ्क.html","कल्याण_भक्त-चरिताङ्क.html; गीता-पुस्तकालय.html"
"block_203","1","2","True","2","2","कल्याण_भक्त-चरिताङ्क.html","कल्याण_भक्त-चरिताङ्क.html; गीता-पुस्तकालय.html"
"calibre92","1","1","True","2","2","कल्याण_भक्त-चरिताङ्क.html","कल्याण_भक्त-चरिताङ्क.html; गीता-पुस्तकालय.html"
"calibre87","1","1","True","2","2","कल्याण_भक्त-चरिताङ्क.html","कल्याण_भक्त-चरिताङ्क.html; गीता-पुस्तकालय.html"
"calibre88","1","1","True","2","2","कल्याण_भक्त-चरिताङ्क.html","कल्याण_भक्त-चरिताङ्क.html; गीता-पुस्तकालय.html"
"block_198","1","3","True","2","2","कल्याण_भक्त-चरिताङ्क.html","कल्याण_भक्त-चरिताङ्क.html; गीता-पुस्तकालय.html"
"calibre85","1","1","True","2","2","कल्याण_भक्त-चरिताङ्क.html","कल्याण_भक्त-चरिताङ्क.html; गीता-पुस्तकालय.html"
"calibre86","1","1","True","2","2","कल्याण_भक्त-चरिताङ्क.html","कल्याण_भक्त-चरिताङ्क.html; गीता-पुस्तकालय.html"
"Slok","1","1","True","2","2","तत्त्वचिन्तामणि.html","गीता-पुस्तकालय.html; तत्त्वचिन्तामणि.html"
"calibre89","1","1","True","2","2","कल्याण_भक्त-चरिताङ्क.html","कल्याण_भक्त-चरिताङ्क.html; गीता-पुस्तकालय.html"
"block_199","1","13","True","2","2","कल्याण_भक्त-चरिताङ्क.html","कल्याण_भक्त-चरिताङ्क.html; गीता-पुस्तकालय.html"
"bg-picker-panel","1","1","True","1","3","तत्त्वचिन्तामणि.html","तत्त्वचिन्तामणि.html"
"bg-picker-btn","1","1","True","1","5","तत्त्वचिन्तामणि.html","तत्त्वचिन्तामणि.html"
"block_217","1","9","True","2","2","कल्याण_भक्त-चरिताङ्क.html","कल्याण_भक्त-चरिताङ्क.html; गीता-पुस्तकालय.html"
"calibre155","1","1","True","2","2","कल्याण_भक्त-चरिताङ्क.html","कल्याण_भक्त-चरिताङ्क.html; गीता-पुस्तकालय.html"
"txt-toggle-btn","1","1","True","1","5","गणेशस्तोत्ररत्नाकर.html","गणेशस्तोत्ररत्नाकर.html"
"block_224","1","2","True","2","2","कल्याण_भक्त-चरिताङ्क.html","कल्याण_भक्त-चरिताङ्क.html; गीता-पुस्तकालय.html"
"calibre154","1","1","True","2","2","कल्याण_भक्त-चरिताङ्क.html","कल्याण_भक्त-चरिताङ्क.html; गीता-पुस्तकालय.html"
"block_223","1","1","True","2","2","कल्याण_भक्त-चरिताङ्क.html","कल्याण_भक्त-चरिताङ्क.html; गीता-पुस्तकालय.html"
"calibre158","1","1","True","2","2","कल्याण_भक्त-चरिताङ्क.html","कल्याण_भक्त-चरिताङ्क.html; गीता-पुस्तकालय.html"
"calibre159","1","1","True","2","2","कल्याण_भक्त-चरिताङ्क.html","कल्याण_भक्त-चरिताङ्क.html; गीता-पुस्तकालय.html"
"calibre157","1","1","True","2","2","कल्याण_भक्त-चरिताङ्क.html","कल्याण_भक्त-चरिताङ्क.html; गीता-पुस्तकालय.html"
"block_225","1","1","True","2","2","कल्याण_भक्त-चरिताङ्क.html","कल्याण_भक्त-चरिताङ्क.html; गीता-पुस्तकालय.html"
"calibre156","1","1","True","2","2","कल्याण_भक्त-चरिताङ्क.html","कल्याण_भक्त-चरिताङ्क.html; गीता-पुस्तकालय.html"
"calibre150","1","1","True","2","2","कल्याण_भक्त-चरिताङ्क.html","कल्याण_भक्त-चरिताङ्क.html; गीता-पुस्तकालय.html"
"calibre151","1","1","True","2","2","कल्याण_भक्त-चरिताङ्क.html","कल्याण_भक्त-चरिताङ्क.html; गीता-पुस्तकालय.html"
"calibre149","1","1","True","2","2","कल्याण_भक्त-चरिताङ्क.html","कल्याण_भक्त-चरिताङ्क.html; गीता-पुस्तकालय.html"
"block_219","1","1","True","2","2","कल्याण_भक्त-चरिताङ्क.html","कल्याण_भक्त-चरिताङ्क.html; गीता-पुस्तकालय.html"
"block_220","1","1","True","2","2","कल्याण_भक्त-चरिताङ्क.html","कल्याण_भक्त-चरिताङ्क.html; गीता-पुस्तकालय.html"
"block_178","1","1","True","2","2","कल्याण_भक्त-चरिताङ्क.html","कल्याण_भक्त-चरिताङ्क.html; गीता-पुस्तकालय.html"
"calibre153","1","1","True","2","2","कल्याण_भक्त-चरिताङ्क.html","कल्याण_भक्त-चरिताङ्क.html; गीता-पुस्तकालय.html"
"block_222","1","1","True","2","2","कल्याण_भक्त-चरिताङ्क.html","कल्याण_भक्त-चरिताङ्क.html; गीता-पुस्तकालय.html"
"calibre152","1","1","True","2","2","कल्याण_भक्त-चरिताङ्क.html","कल्याण_भक्त-चरिताङ्क.html; गीता-पुस्तकालय.html"
"block_221","1","2","True","2","2","कल्याण_भक्त-चरिताङ्क.html","कल्याण_भक्त-चरिताङ्क.html; गीता-पुस्तकालय.html"
"calibre165","1","1","True","2","2","कल्याण_भक्त-चरिताङ्क.html","कल्याण_भक्त-चरिताङ्क.html; गीता-पुस्तकालय.html"
"calibre168","1","62","True","2","2","कल्याण_भक्त-चरिताङ्क.html","कल्याण_भक्त-चरिताङ्क.html; गीता-पुस्तकालय.html"
"calibre169","1","62","True","2","2","कल्याण_भक्त-चरिताङ्क.html","कल्याण_भक्त-चरिताङ्क.html; गीता-पुस्तकालय.html"
"block_234","1","45","True","2","2","कल्याण_भक्त-चरिताङ्क.html","कल्याण_भक्त-चरिताङ्क.html; गीता-पुस्तकालय.html"
"block_233","1","58","True","2","2","कल्याण_भक्त-चरिताङ्क.html","कल्याण_भक्त-चरिताङ्क.html; गीता-पुस्तकालय.html"
"block_230","1","1","True","2","2","कल्याण_भक्त-चरिताङ्क.html","कल्याण_भक्त-चरिताङ्क.html; गीता-पुस्तकालय.html"
"block_229","1","2","True","2","2","कल्याण_भक्त-चरिताङ्क.html","कल्याण_भक्त-चरिताङ्क.html; गीता-पुस्तकालय.html"
"block_231","1","2","True","2","2","कल्याण_भक्त-चरिताङ्क.html","कल्याण_भक्त-चरिताङ्क.html; गीता-पुस्तकालय.html"
"calibre166","1","1","True","2","2","कल्याण_भक्त-चरिताङ्क.html","कल्याण_भक्त-चरिताङ्क.html; गीता-पुस्तकालय.html"
"block_232","1","1","True","2","2","कल्याण_भक्त-चरिताङ्क.html","कल्याण_भक्त-चरिताङ्क.html; गीता-पुस्तकालय.html"
"calibre162","1","1","True","2","2","कल्याण_भक्त-चरिताङ्क.html","कल्याण_भक्त-चरिताङ्क.html; गीता-पुस्तकालय.html"
"calibre163","1","1","True","2","2","कल्याण_भक्त-चरिताङ्क.html","कल्याण_भक्त-चरिताङ्क.html; गीता-पुस्तकालय.html"
"block_226","1","2","True","2","2","कल्याण_भक्त-चरिताङ्क.html","कल्याण_भक्त-चरिताङ्क.html; गीता-पुस्तकालय.html"
"calibre160","1","1","True","2","2","कल्याण_भक्त-चरिताङ्क.html","कल्याण_भक्त-चरिताङ्क.html; गीता-पुस्तकालय.html"
"calibre161","1","1","True","2","2","कल्याण_भक्त-चरिताङ्क.html","कल्याण_भक्त-चरिताङ्क.html; गीता-पुस्तकालय.html"
"block_0233","1","51","True","2","2","कल्याण_भक्त-चरिताङ्क.html","कल्याण_भक्त-चरिताङ्क.html; गीता-पुस्तकालय.html"
"block_235","1","10","True","2","2","कल्याण_भक्त-चरिताङ्क.html","कल्याण_भक्त-चरिताङ्क.html; गीता-पुस्तकालय.html"
"block_236","1","14","True","2","2","कल्याण_भक्त-चरिताङ्क.html","कल्याण_भक्त-चरिताङ्क.html; गीता-पुस्तकालय.html"
"calibre164","1","1","True","2","2","कल्याण_भक्त-चरिताङ्क.html","कल्याण_भक्त-चरिताङ्क.html; गीता-पुस्तकालय.html"
"block_239","1","1","True","2","2","कल्याण_भक्त-चरिताङ्क.html","कल्याण_भक्त-चरिताङ्क.html; गीता-पुस्तकालय.html"
"book-card-spine","1","14","True","1","1","गीता-पुस्तकालय.html","गीता-पुस्तकालय.html"
"book-card","1","14","True","1","3","गीता-पुस्तकालय.html","गीता-पुस्तकालय.html"
"book-card-body","1","14","True","1","1","गीता-पुस्तकालय.html","गीता-पुस्तकालय.html"
"book-card-subtitle","1","7","True","1","1","गीता-पुस्तकालय.html","गीता-पुस्तकालय.html"
"book-card-title","1","14","True","1","1","गीता-पुस्तकालय.html","गीता-पुस्तकालय.html"
"calibre127","1","1","True","2","2","कल्याण_भक्त-चरिताङ्क.html","कल्याण_भक्त-चरिताङ्क.html; गीता-पुस्तकालय.html"
"calibre128","1","1","True","2","2","कल्याण_भक्त-चरिताङ्क.html","कल्याण_भक्त-चरिताङ्क.html; गीता-पुस्तकालय.html"
"calibre126","1","1","True","2","2","कल्याण_भक्त-चरिताङ्क.html","कल्याण_भक्त-चरिताङ्क.html; गीता-पुस्तकालय.html"
"book-grid","1","1","True","1","1","गीता-पुस्तकालय.html","गीता-पुस्तकालय.html"
"home-header","1","1","True","1","3","गीता-पुस्तकालय.html","गीता-पुस्तकालय.html"
"nav-btn","1","2","True","1","4","गीता-पुस्तकालय.html","गीता-पुस्तकालय.html"
"rt-chapter","1","1","True","1","1","गीता-पुस्तकालय.html","गीता-पुस्तकालय.html"
"toggle-row","1","1","True","1","1","गीता-पुस्तकालय.html","गीता-पुस्तकालय.html"
"switch-track","1","1","True","1","4","गीता-पुस्तकालय.html","गीता-पुस्तकालय.html"
"switch","1","1","True","1","4","गीता-पुस्तकालय.html","गीता-पुस्तकालय.html"
"book-card-meta","1","14","True","1","2","गीता-पुस्तकालय.html","गीता-पुस्तकालय.html"
"book-card-author","1","14","True","1","1","गीता-पुस्तकालय.html","गीता-पुस्तकालय.html"
"icon-btn","1","4","True","1","3","गीता-पुस्तकालय.html","गीता-पुस्तकालय.html"
"rt-title","1","1","True","1","1","गीता-पुस्तकालय.html","गीता-पुस्तकालय.html"
"titles","1","1","True","1","3","गीता-पुस्तकालय.html","गीता-पुस्तकालय.html"
"calibre141","1","1","True","2","2","कल्याण_भक्त-चरिताङ्क.html","कल्याण_भक्त-चरिताङ्क.html; गीता-पुस्तकालय.html"
"calibre142","1","1","True","2","2","कल्याण_भक्त-चरिताङ्क.html","कल्याण_भक्त-चरिताङ्क.html; गीता-पुस्तकालय.html"
"calibre140","1","1","True","2","2","कल्याण_भक्त-चरिताङ्क.html","कल्याण_भक्त-चरिताङ्क.html; गीता-पुस्तकालय.html"
"calibre138","1","1","True","2","2","कल्याण_भक्त-चरिताङ्क.html","कल्याण_भक्त-चरिताङ्क.html; गीता-पुस्तकालय.html"
"calibre139","1","1","True","2","2","कल्याण_भक्त-चरिताङ्क.html","कल्याण_भक्त-चरिताङ्क.html; गीता-पुस्तकालय.html"
"calibre146","1","1","True","2","2","कल्याण_भक्त-चरिताङ्क.html","कल्याण_भक्त-चरिताङ्क.html; गीता-पुस्तकालय.html"
"calibre148","1","1","True","2","2","कल्याण_भक्त-चरिताङ्क.html","कल्याण_भक्त-चरिताङ्क.html; गीता-पुस्तकालय.html"
"calibre145","1","1","True","2","2","कल्याण_भक्त-चरिताङ्क.html","कल्याण_भक्त-चरिताङ्क.html; गीता-पुस्तकालय.html"
"calibre143","1","2","True","2","2","कल्याण_भक्त-चरिताङ्क.html","कल्याण_भक्त-चरिताङ्क.html; गीता-पुस्तकालय.html"
"calibre144","1","1","True","2","2","कल्याण_भक्त-चरिताङ्क.html","कल्याण_भक्त-चरिताङ्क.html; गीता-पुस्तकालय.html"
"calibre132","1","1","True","2","2","कल्याण_भक्त-चरिताङ्क.html","कल्याण_भक्त-चरिताङ्क.html; गीता-पुस्तकालय.html"
"block_218","1","1","True","2","2","कल्याण_भक्त-चरिताङ्क.html","कल्याण_भक्त-चरिताङ्क.html; गीता-पुस्तकालय.html"
"calibre131","1","1","True","2","2","कल्याण_भक्त-चरिताङ्क.html","कल्याण_भक्त-चरिताङ्क.html; गीता-पुस्तकालय.html"
"calibre129","1","1","True","2","2","कल्याण_भक्त-चरिताङ्क.html","कल्याण_भक्त-चरिताङ्क.html; गीता-पुस्तकालय.html"
"calibre130","1","1","True","2","2","कल्याण_भक्त-चरिताङ्क.html","कल्याण_भक्त-चरिताङ्क.html; गीता-पुस्तकालय.html"
"calibre136","1","1","True","2","2","कल्याण_भक्त-चरिताङ्क.html","कल्याण_भक्त-चरिताङ्क.html; गीता-पुस्तकालय.html"
"calibre137","1","1","True","2","2","कल्याण_भक्त-चरिताङ्क.html","कल्याण_भक्त-चरिताङ्क.html; गीता-पुस्तकालय.html"
"calibre135","1","1","True","2","2","कल्याण_भक्त-चरिताङ्क.html","कल्याण_भक्त-चरिताङ्क.html; गीता-पुस्तकालय.html"
"calibre133","1","1","True","2","2","कल्याण_भक्त-चरिताङ्क.html","कल्याण_भक्त-चरिताङ्क.html; गीता-पुस्तकालय.html"
"calibre134","1","1","True","2","2","कल्याण_भक्त-चरिताङ्क.html","कल्याण_भक्त-चरिताङ्क.html; गीता-पुस्तकालय.html"
"aa","1","2","True","2","2","श्रीभक्तमाल.min.html","श्रीभक्तमाल.min.html; श्रीमद‍्भागवतमहापुराण.min.html"
"h","1","245","True","1","1","श्रीभक्तमाल.min.html","श्रीमद‍्भागवतमहापुराण.min.html"
"g","1","244","True","2","2","श्रीभक्तमाल.min.html","श्रीभक्तमाल.min.html; श्रीमद‍्भागवतमहापुराण.min.html"
"Shrihari","1","20","True","2","2","श्रीमद्भगवद्गीता_तत्त्वविवेचनी हिन्दी_टीकासहित.html","गीता-पुस्तकालय.html; श्रीमद्भगवद्गीता_तत्त्वविवेचनी हिन्दी_टीकासहित.html"
"calibre31","1","1","True","2","2","कल्याण_भक्त-चरिताङ्क.html","कल्याण_भक्त-चरिताङ्क.html; गीता-पुस्तकालय.html"
"calibre34","1","1","True","2","2","कल्याण_भक्त-चरिताङ्क.html","कल्याण_भक्त-चरिताङ्क.html; गीता-पुस्तकालय.html"
"text_54","1","4","True","1","1","श्रीतुकाराम-चरित्र.html","श्रीतुकाराम-चरित्र.html"
"calibre33","1","1","True","2","2","कल्याण_भक्त-चरिताङ्क.html","कल्याण_भक्त-चरिताङ्क.html; गीता-पुस्तकालय.html"
"Title-Page---sub-heading","1","1","True","1","1","श्रीभक्तमाल.html","श्रीभक्तमाल.html"
"calibre32","1","2","True","2","2","कल्याण_भक्त-चरिताङ्क.html","कल्याण_भक्त-चरिताङ्क.html; गीता-पुस्तकालय.html"
"S-2-1","1","2","True","2","2","श्रीमद्भगवद्गीता_तत्त्वविवेचनी हिन्दी_टीकासहित.html","गीता-पुस्तकालय.html; श्रीमद्भगवद्गीता_तत्त्वविवेचनी हिन्दी_टीकासहित.html"
"Bhav-4","1","41","True","2","2","श्रीमद्भगवद्गीता_तत्त्वविवेचनी हिन्दी_टीकासहित.html","गीता-पुस्तकालय.html; श्रीमद्भगवद्गीता_तत्त्वविवेचनी हिन्दी_टीकासहित.html"
"x---1","1","2","True","2","2","श्रीमद्भगवद्गीता_तत्त्वविवेचनी हिन्दी_टीकासहित.html","गीता-पुस्तकालय.html; श्रीमद्भगवद्गीता_तत्त्वविवेचनी हिन्दी_टीकासहित.html"
"x--","1","1","True","2","2","श्रीमद्भगवद्गीता_तत्त्वविवेचनी हिन्दी_टीकासहित.html","गीता-पुस्तकालय.html; श्रीमद्भगवद्गीता_तत्त्वविवेचनी हिन्दी_टीकासहित.html"
"S-2","1","1","True","2","2","श्रीमद्भगवद्गीता_तत्त्वविवेचनी हिन्दी_टीकासहित.html","गीता-पुस्तकालय.html; श्रीमद्भगवद्गीता_तत्त्वविवेचनी हिन्दी_टीकासहित.html"
"N","1","1","True","2","2","श्रीमद्भगवद्गीता_तत्त्वविवेचनी हिन्दी_टीकासहित.html","गीता-पुस्तकालय.html; श्रीमद्भगवद्गीता_तत्त्वविवेचनी हिन्दी_टीकासहित.html"
"Sub-heading-1","1","23","True","2","2","श्रीमद्भगवद्गीता_तत्त्वविवेचनी हिन्दी_टीकासहित.html","गीता-पुस्तकालय.html; श्रीमद्भगवद्गीता_तत्त्वविवेचनी हिन्दी_टीकासहित.html"
"Bhav-3","1","70","True","2","2","श्रीमद्भगवद्गीता_तत्त्वविवेचनी हिन्दी_टीकासहित.html","गीता-पुस्तकालय.html; श्रीमद्भगवद्गीता_तत्त्वविवेचनी हिन्दी_टीकासहित.html"
"x---2","1","1","True","2","2","श्रीमद्भगवद्गीता_तत्त्वविवेचनी हिन्दी_टीकासहित.html","गीता-पुस्तकालय.html; श्रीमद्भगवद्गीता_तत्त्वविवेचनी हिन्दी_टीकासहित.html"
"Bhav-5","1","42","True","2","2","श्रीमद्भगवद्गीता_तत्त्वविवेचनी हिन्दी_टीकासहित.html","गीता-पुस्तकालय.html; श्रीमद्भगवद्गीता_तत्त्वविवेचनी हिन्दी_टीकासहित.html"
"text_40","1","1","True","1","1","श्रीतुकाराम-चरित्र.html","श्रीतुकाराम-चरित्र.html"
"text_39","1","10","True","1","1","श्रीतुकाराम-चरित्र.html","श्रीतुकाराम-चरित्र.html"
"text_41","1","3","True","1","1","श्रीतुकाराम-चरित्र.html","श्रीतुकाराम-चरित्र.html"
"text_43","1","1","True","1","1","श्रीतुकाराम-चरित्र.html","श्रीतुकाराम-चरित्र.html"
"text_42","1","1","True","1","1","श्रीतुकाराम-चरित्र.html","श्रीतुकाराम-चरित्र.html"
"text_35","1","6","True","1","1","श्रीतुकाराम-चरित्र.html","श्रीतुकाराम-चरित्र.html"
"text_34","1","2","True","1","1","श्रीतुकाराम-चरित्र.html","श्रीतुकाराम-चरित्र.html"
"text_36","1","1","True","1","1","श्रीतुकाराम-चरित्र.html","श्रीतुकाराम-चरित्र.html"
"text_38","1","1","True","1","1","श्रीतुकाराम-चरित्र.html","श्रीतुकाराम-चरित्र.html"
"text_37","1","1","True","1","1","श्रीतुकाराम-चरित्र.html","श्रीतुकाराम-चरित्र.html"
"text_50","1","3","True","1","1","श्रीतुकाराम-चरित्र.html","श्रीतुकाराम-चरित्र.html"
"text_49","1","6","True","1","1","श्रीतुकाराम-चरित्र.html","श्रीतुकाराम-चरित्र.html"
"text_51","1","2","True","1","1","श्रीतुकाराम-चरित्र.html","श्रीतुकाराम-चरित्र.html"
"text_53","1","5","True","1","1","श्रीतुकाराम-चरित्र.html","श्रीतुकाराम-चरित्र.html"
"text_52","1","1","True","1","1","श्रीतुकाराम-चरित्र.html","श्रीतुकाराम-चरित्र.html"
"text_45","1","6","True","1","1","श्रीतुकाराम-चरित्र.html","श्रीतुकाराम-चरित्र.html"
"text_44","1","2","True","1","1","श्रीतुकाराम-चरित्र.html","श्रीतुकाराम-चरित्र.html"
"text_46","1","1","True","1","1","श्रीतुकाराम-चरित्र.html","श्रीतुकाराम-चरित्र.html"
"text_48","1","1","True","1","1","श्रीतुकाराम-चरित्र.html","श्रीतुकाराम-चरित्र.html"
"text_47","1","1","True","1","1","श्रीतुकाराम-चरित्र.html","श्रीतुकाराम-चरित्र.html"
"Right-4","1","17","True","2","2","श्रीमद्भगवद्गीता_साधक_संजीवनी.html","गीता-पुस्तकालय.html; श्रीमद्भगवद्गीता_साधक_संजीवनी.html"
"Etalic-5","1","1","True","2","2","श्रीमद्भगवद्गीता_साधक_संजीवनी.html","गीता-पुस्तकालय.html; श्रीमद्भगवद्गीता_साधक_संजीवनी.html"
"calibre30","1","1","True","2","2","कल्याण_भक्त-चरिताङ्क.html","कल्याण_भक्त-चरिताङ्क.html; गीता-पुस्तकालय.html"
"Etalic","1","1","True","2","2","श्रीमद्भगवद्गीता_साधक_संजीवनी.html","गीता-पुस्तकालय.html; श्रीमद्भगवद्गीता_साधक_संजीवनी.html"
"right","1","10","True","2","2","श्रीमद्भगवद्गीता_साधक_संजीवनी.html","गीता-पुस्तकालय.html; श्रीमद्भगवद्गीता_साधक_संजीवनी.html"
"right-2","1","2","True","2","2","श्रीमद्भगवद्गीता_साधक_संजीवनी.html","गीता-पुस्तकालय.html; श्रीमद्भगवद्गीता_साधक_संजीवनी.html"
"Vayakhya","1","229","True","2","2","श्रीमद्भगवद्गीता_साधक_संजीवनी.html","गीता-पुस्तकालय.html; श्रीमद्भगवद्गीता_साधक_संजीवनी.html"
"Etalic-2","1","1","True","2","2","श्रीमद्भगवद्गीता_साधक_संजीवनी.html","गीता-पुस्तकालय.html; श्रीमद्भगवद्गीता_साधक_संजीवनी.html"
"Right-8","1","1","True","2","2","श्रीमद्भगवद्गीता_साधक_संजीवनी.html","गीता-पुस्तकालय.html; श्रीमद्भगवद्गीता_साधक_संजीवनी.html"
"right-4","1","9","True","2","4","श्रीमद्भगवद्गीता_साधक_संजीवनी.html","गीता-पुस्तकालय.html; श्रीमद्भगवद्गीता_साधक_संजीवनी.html"
"Right-7","1","2","True","2","2","श्रीमद्भगवद्गीता_साधक_संजीवनी.html","गीता-पुस्तकालय.html; श्रीमद्भगवद्गीता_साधक_संजीवनी.html"
"No-Paragraph-Style-9","1","1","True","2","2","श्रीमद्भगवद्गीता_साधक_संजीवनी.html","गीता-पुस्तकालय.html; श्रीमद्भगवद्गीता_साधक_संजीवनी.html"
"Etalic-4","1","1","True","2","2","श्रीमद्भगवद्गीता_साधक_संजीवनी.html","गीता-पुस्तकालय.html; श्रीमद्भगवद्गीता_साधक_संजीवनी.html"
"Right-5","1","11","True","2","2","श्रीमद्भगवद्गीता_साधक_संजीवनी.html","गीता-पुस्तकालय.html; श्रीमद्भगवद्गीता_साधक_संजीवनी.html"
"No-Paragraph-Style-5","1","8","True","3","4","श्रीमद्भगवद्गीता_साधक_संजीवनी.html","गीता-पुस्तकालय.html; श्रीमद्भगवद्गीता_साधक_संजीवनी.html; साधन सुधा सिन्धु.html"
"Right-2","1","1","True","2","2","श्रीमद्भगवद्गीता_साधक_संजीवनी.html","गीता-पुस्तकालय.html; श्रीमद्भगवद्गीता_साधक_संजीवनी.html"
"su-head","1","1","True","2","2","श्रीमद्भगवद्गीता_साधक_संजीवनी.html","गीता-पुस्तकालय.html; श्रीमद्भगवद्गीता_साधक_संजीवनी.html"
"right-1","1","2","True","2","2","श्रीमद्भगवद्गीता_साधक_संजीवनी.html","गीता-पुस्तकालय.html; श्रीमद्भगवद्गीता_साधक_संजीवनी.html"
"Right-9","1","12","True","2","2","श्रीमद्भगवद्गीता_साधक_संजीवनी.html","गीता-पुस्तकालय.html; श्रीमद्भगवद्गीता_साधक_संजीवनी.html"
"Etalic-1","1","1","True","2","2","श्रीमद्भगवद्गीता_साधक_संजीवनी.html","गीता-पुस्तकालय.html; श्रीमद्भगवद्गीता_साधक_संजीवनी.html"
"Bhav-10","1","52","True","2","2","श्रीमद्भगवद्गीता_तत्त्वविवेचनी हिन्दी_टीकासहित.html","गीता-पुस्तकालय.html; श्रीमद्भगवद्गीता_तत्त्वविवेचनी हिन्दी_टीकासहित.html"
"Bhav-9","1","40","True","2","2","श्रीमद्भगवद्गीता_तत्त्वविवेचनी हिन्दी_टीकासहित.html","गीता-पुस्तकालय.html; श्रीमद्भगवद्गीता_तत्त्वविवेचनी हिन्दी_टीकासहित.html"
"Bhav-8","1","18","True","2","2","श्रीमद्भगवद्गीता_तत्त्वविवेचनी हिन्दी_टीकासहित.html","गीता-पुस्तकालय.html; श्रीमद्भगवद्गीता_तत्त्वविवेचनी हिन्दी_टीकासहित.html"
"Bhav-11","1","34","True","2","2","श्रीमद्भगवद्गीता_तत्त्वविवेचनी हिन्दी_टीकासहित.html","गीता-पुस्तकालय.html; श्रीमद्भगवद्गीता_तत्त्वविवेचनी हिन्दी_टीकासहित.html"
"Footnote-3","1","1","True","2","2","श्रीमद्भगवद्गीता_तत्त्वविवेचनी हिन्दी_टीकासहित.html","गीता-पुस्तकालय.html; श्रीमद्भगवद्गीता_तत्त्वविवेचनी हिन्दी_टीकासहित.html"
"Footnote-1","1","3","True","2","2","श्रीमद्भगवद्गीता_तत्त्वविवेचनी हिन्दी_टीकासहित.html","गीता-पुस्तकालय.html; श्रीमद्भगवद्गीता_तत्त्वविवेचनी हिन्दी_टीकासहित.html"
"Bhav-6","1","26","True","2","2","श्रीमद्भगवद्गीता_तत्त्वविवेचनी हिन्दी_टीकासहित.html","गीता-पुस्तकालय.html; श्रीमद्भगवद्गीता_तत्त्वविवेचनी हिन्दी_टीकासहित.html"
"Bhav-7","1","34","True","2","2","श्रीमद्भगवद्गीता_तत्त्वविवेचनी हिन्दी_टीकासहित.html","गीता-पुस्तकालय.html; श्रीमद्भगवद्गीता_तत्त्वविवेचनी हिन्दी_टीकासहित.html"
"Footnote-2","1","7","True","2","2","श्रीमद्भगवद्गीता_तत्त्वविवेचनी हिन्दी_टीकासहित.html","गीता-पुस्तकालय.html; श्रीमद्भगवद्गीता_तत्त्वविवेचनी हिन्दी_टीकासहित.html"
"x---3","1","4","True","2","2","श्रीमद्भगवद्गीता_तत्त्वविवेचनी हिन्दी_टीकासहित.html","गीता-पुस्तकालय.html; श्रीमद्भगवद्गीता_तत्त्वविवेचनी हिन्दी_टीकासहित.html"
"sub-heading","1","6","True","2","2","श्रीमद्भगवद्गीता_साधक_संजीवनी.html","गीता-पुस्तकालय.html; श्रीमद्भगवद्गीता_साधक_संजीवनी.html"
"block_9","1","2","True","4","5","श्रीमद्भगवद्गीता_मोटे_अक्षरोंमें.html","कल्याण_भक्त-चरिताङ्क.html; गीता-पुस्तकालय.html; श्रीतुकाराम-चरित्र.html"
"Shlok-black","1","50","True","2","2","श्रीमद्भगवद्गीता_साधक_संजीवनी.html","गीता-पुस्तकालय.html; श्रीमद्भगवद्गीता_साधक_संजीवनी.html"
"Tab","1","667","True","2","2","श्रीमद्भगवद्गीता_साधक_संजीवनी.html","गीता-पुस्तकालय.html; श्रीमद्भगवद्गीता_साधक_संजीवनी.html"
"Subject","1","91","True","2","2","श्रीमद्भगवद्गीता_साधक_संजीवनी.html","गीता-पुस्तकालय.html; श्रीमद्भगवद्गीता_साधक_संजीवनी.html"
"Bhav-13","1","21","True","2","2","श्रीमद्भगवद्गीता_तत्त्वविवेचनी हिन्दी_टीकासहित.html","गीता-पुस्तकालय.html; श्रीमद्भगवद्गीता_तत्त्वविवेचनी हिन्दी_टीकासहित.html"
"Bhav-12","1","27","True","2","2","श्रीमद्भगवद्गीता_तत्त्वविवेचनी हिन्दी_टीकासहित.html","गीता-पुस्तकालय.html; श्रीमद्भगवद्गीता_तत्त्वविवेचनी हिन्दी_टीकासहित.html"
"Bhav-14","1","23","True","2","2","श्रीमद्भगवद्गीता_तत्त्वविवेचनी हिन्दी_टीकासहित.html","गीता-पुस्तकालय.html; श्रीमद्भगवद्गीता_तत्त्वविवेचनी हिन्दी_टीकासहित.html"
"Bhav-16","1","72","True","2","2","श्रीमद्भगवद्गीता_तत्त्वविवेचनी हिन्दी_टीकासहित.html","गीता-पुस्तकालय.html; श्रीमद्भगवद्गीता_तत्त्वविवेचनी हिन्दी_टीकासहित.html"
"Bhav-15","1","28","True","2","2","श्रीमद्भगवद्गीता_तत्त्वविवेचनी हिन्दी_टीकासहित.html","गीता-पुस्तकालय.html; श्रीमद्भगवद्गीता_तत्त्वविवेचनी हिन्दी_टीकासहित.html"
"text_33","1","2","True","1","1","श्रीतुकाराम-चरित्र.html","श्रीतुकाराम-चरित्र.html"
"block_188","1","2","True","2","2","कल्याण_भक्त-चरिताङ्क.html","कल्याण_भक्त-चरिताङ्क.html; गीता-पुस्तकालय.html"
"text_2","1","10","True","4","5","कल्याण_भक्त-चरिताङ्क.html","कल्याण_भक्त-चरिताङ्क.html; गीता-पुस्तकालय.html; श्रीतुकाराम-चरित्र.html"
"block_187","1","4","True","2","2","कल्याण_भक्त-चरिताङ्क.html","कल्याण_भक्त-चरिताङ्क.html; गीता-पुस्तकालय.html"
"calibre58","1","1","True","2","2","कल्याण_भक्त-चरिताङ्क.html","कल्याण_भक्त-चरिताङ्क.html; गीता-पुस्तकालय.html"
"block_186","1","1","True","2","2","कल्याण_भक्त-चरिताङ्क.html","कल्याण_भक्त-चरिताङ्क.html; गीता-पुस्तकालय.html"
"block_190","1","3","True","2","2","कल्याण_भक्त-चरिताङ्क.html","कल्याण_भक्त-चरिताङ्क.html; गीता-पुस्तकालय.html"
"calibre60","1","1","True","2","2","कल्याण_भक्त-चरिताङ्क.html","कल्याण_भक्त-चरिताङ्क.html; गीता-पुस्तकालय.html"
"td_2","1","1","True","2","2","कल्याण_भक्त-चरिताङ्क.html","कल्याण_भक्त-चरिताङ्क.html; गीता-पुस्तकालय.html"
"block_189","1","1","True","2","2","कल्याण_भक्त-चरिताङ्क.html","कल्याण_भक्त-चरिताङ्क.html; गीता-पुस्तकालय.html"
"calibre59","1","1","True","2","2","कल्याण_भक्त-चरिताङ्क.html","कल्याण_भक्त-चरिताङ्क.html; गीता-पुस्तकालय.html"
"table_01","1","4","True","2","2","कल्याण_भक्त-चरिताङ्क.html","कल्याण_भक्त-चरिताङ्क.html; गीता-पुस्तकालय.html"
"calibre02","1","5","True","2","2","कल्याण_भक्त-चरिताङ्क.html","कल्याण_भक्त-चरिताङ्क.html; गीता-पुस्तकालय.html"
"calibre55","1","1","True","2","2","कल्याण_भक्त-चरिताङ्क.html","कल्याण_भक्त-चरिताङ्क.html; गीता-पुस्तकालय.html"
"block_183","1","5","True","2","2","कल्याण_भक्त-चरिताङ्क.html","कल्याण_भक्त-चरिताङ्क.html; गीता-पुस्तकालय.html"
"block_184","1","8","True","2","2","कल्याण_भक्त-चरिताङ्क.html","कल्याण_भक्त-चरिताङ्क.html; गीता-पुस्तकालय.html"
"calibre57","1","2","True","2","2","कल्याण_भक्त-चरिताङ्क.html","कल्याण_भक्त-चरिताङ्क.html; गीता-पुस्तकालय.html"
"block_185","1","4","True","2","2","कल्याण_भक्त-चरिताङ्क.html","कल्याण_भक्त-चरिताङ्क.html; गीता-पुस्तकालय.html"
"calibre56","1","1","True","2","2","कल्याण_भक्त-चरिताङ्क.html","कल्याण_भक्त-चरिताङ्क.html; गीता-पुस्तकालय.html"
"calibre002","1","5","True","2","2","कल्याण_भक्त-चरिताङ्क.html","कल्याण_भक्त-चरिताङ्क.html; गीता-पुस्तकालय.html"
"td_01","1","1","True","2","2","कल्याण_भक्त-चरिताङ्क.html","कल्याण_भक्त-चरिताङ्क.html; गीता-पुस्तकालय.html"
"calibre69","1","1","True","2","2","कल्याण_भक्त-चरिताङ्क.html","कल्याण_भक्त-चरिताङ्क.html; गीता-पुस्तकालय.html"
"calibre70","1","1","True","2","2","कल्याण_भक्त-चरिताङ्क.html","कल्याण_भक्त-चरिताङ्क.html; गीता-पुस्तकालय.html"
"calibre68","1","1","True","2","2","कल्याण_भक्त-चरिताङ्क.html","कल्याण_भक्त-चरिताङ्क.html; गीता-पुस्तकालय.html"
"td_3","1","2","True","2","2","कल्याण_भक्त-चरिताङ्क.html","कल्याण_भक्त-चरिताङ्क.html; गीता-पुस्तकालय.html"
"calibre67","1","1","True","2","2","कल्याण_भक्त-चरिताङ्क.html","कल्याण_भक्त-चरिताङ्क.html; गीता-पुस्तकालय.html"
"calibre73","1","1","True","2","2","कल्याण_भक्त-चरिताङ्क.html","कल्याण_भक्त-चरिताङ्क.html; गीता-पुस्तकालय.html"
"calibre74","1","1","True","2","2","कल्याण_भक्त-चरिताङ्क.html","कल्याण_भक्त-चरिताङ्क.html; गीता-पुस्तकालय.html"
"calibre72","1","1","True","2","2","कल्याण_भक्त-चरिताङ्क.html","कल्याण_भक्त-चरिताङ्क.html; गीता-पुस्तकालय.html"
"calibre71","1","1","True","2","2","कल्याण_भक्त-चरिताङ्क.html","कल्याण_भक्त-चरिताङ्क.html; गीता-पुस्तकालय.html"
"column_","1","2","True","2","2","कल्याण_भक्त-चरिताङ्क.html","कल्याण_भक्त-चरिताङ्क.html; गीता-पुस्तकालय.html"
"td_1","1","1","True","2","2","कल्याण_भक्त-चरिताङ्क.html","कल्याण_भक्त-चरिताङ्क.html; गीता-पुस्तकालय.html"
"calibre62","1","1","True","2","2","कल्याण_भक्त-चरिताङ्क.html","कल्याण_भक्त-चरिताङ्क.html; गीता-पुस्तकालय.html"
"table_1","1","1","True","2","2","कल्याण_भक्त-चरिताङ्क.html","कल्याण_भक्त-चरिताङ्क.html; गीता-पुस्तकालय.html"
"block_191","1","19","True","2","2","कल्याण_भक्त-चरिताङ्क.html","कल्याण_भक्त-चरिताङ्क.html; गीता-पुस्तकालय.html"
"calibre61","1","1","True","2","2","कल्याण_भक्त-चरिताङ्क.html","कल्याण_भक्त-चरिताङ्क.html; गीता-पुस्तकालय.html"
"calibre65","1","1","True","2","2","कल्याण_भक्त-चरिताङ्क.html","कल्याण_भक्त-चरिताङ्क.html; गीता-पुस्तकालय.html"
"calibre66","1","1","True","2","2","कल्याण_भक्त-चरिताङ्क.html","कल्याण_भक्त-चरिताङ्क.html; गीता-पुस्तकालय.html"
"calibre64","1","1","True","2","2","कल्याण_भक्त-चरिताङ्क.html","कल्याण_भक्त-चरिताङ्क.html; गीता-पुस्तकालय.html"
"block_192","1","1","True","2","2","कल्याण_भक्त-चरिताङ्क.html","कल्याण_भक्त-चरिताङ्क.html; गीता-पुस्तकालय.html"
"calibre63","1","1","True","2","2","कल्याण_भक्त-चरिताङ्क.html","कल्याण_भक्त-चरिताङ्क.html; गीता-पुस्तकालय.html"
"block_176","1","1","True","2","2","कल्याण_भक्त-चरिताङ्क.html","कल्याण_भक्त-चरिताङ्क.html; गीता-पुस्तकालय.html"
"calibre35","1","1","True","2","2","कल्याण_भक्त-चरिताङ्क.html","कल्याण_भक्त-चरिताङ्क.html; गीता-पुस्तकालय.html"
"block_175","1","4","True","2","2","कल्याण_भक्त-चरिताङ्क.html","कल्याण_भक्त-चरिताङ्क.html; गीता-पुस्तकालय.html"
"block_173","1","1","True","2","2","कल्याण_भक्त-चरिताङ्क.html","कल्याण_भक्त-चरिताङ्क.html; गीता-पुस्तकालय.html"
"block_174","1","3","True","2","2","कल्याण_भक्त-चरिताङ्क.html","कल्याण_भक्त-चरिताङ्क.html; गीता-पुस्तकालय.html"
"calibre38","1","1","True","2","2","कल्याण_भक्त-चरिताङ्क.html","कल्याण_भक्त-चरिताङ्क.html; गीता-पुस्तकालय.html"
"block_177","1","1","True","2","2","कल्याण_भक्त-चरिताङ्क.html","कल्याण_भक्त-चरिताङ्क.html; गीता-पुस्तकालय.html"
"calibre37","1","1","True","2","2","कल्याण_भक्त-चरिताङ्क.html","कल्याण_भक्त-चरिताङ्क.html; गीता-पुस्तकालय.html"
"calibre36","1","1","True","2","2","कल्याण_भक्त-चरिताङ्क.html","कल्याण_भक्त-चरिताङ्क.html; गीता-पुस्तकालय.html"
"block_025","1","3","True","2","2","कल्याण_भक्त-चरिताङ्क.html","कल्याण_भक्त-चरिताङ्क.html; गीता-पुस्तकालय.html"
"text_29","1","2","True","1","1","श्रीतुकाराम-चरित्र.html","श्रीतुकाराम-चरित्र.html"
"text_28","1","9","True","1","1","श्रीतुकाराम-चरित्र.html","श्रीतुकाराम-चरित्र.html"
"text_30","1","2","True","1","1","श्रीतुकाराम-चरित्र.html","श्रीतुकाराम-चरित्र.html"
"text_32","1","3","True","1","1","श्रीतुकाराम-चरित्र.html","श्रीतुकाराम-चरित्र.html"
"text_31","1","9","True","1","1","श्रीतुकाराम-चरित्र.html","श्रीतुकाराम-चरित्र.html"
"block_18","1","3","True","4","5","श्रीतुकाराम-चरित्र.html","कल्याण_भक्त-चरिताङ्क.html; गीता-पुस्तकालय.html; श्रीतुकाराम-चरित्र.html"
"block_17","1","6","True","4","5","श्रीतुकाराम-चरित्र.html","कल्याण_भक्त-चरिताङ्क.html; गीता-पुस्तकालय.html; श्रीतुकाराम-चरित्र.html"
"block_19","1","4","True","4","5","श्रीतुकाराम-चरित्र.html","कल्याण_भक्त-चरिताङ्क.html; गीता-पुस्तकालय.html; श्रीतुकाराम-चरित्र.html"
"text_23","1","1","True","3","3","श्रीतुकाराम-चरित्र.html","कल्याण_भक्त-चरिताङ्क.html; गीता-पुस्तकालय.html; श्रीतुकाराम-चरित्र.html"
"block_20","1","1","True","4","5","श्रीतुकाराम-चरित्र.html","कल्याण_भक्त-चरिताङ्क.html; गीता-पुस्तकालय.html; श्रीतुकाराम-चरित्र.html"
"calibre48","1","1","True","2","2","कल्याण_भक्त-चरिताङ्क.html","कल्याण_भक्त-चरिताङ्क.html; गीता-पुस्तकालय.html"
"calibre49","1","1","True","2","2","कल्याण_भक्त-चरिताङ्क.html","कल्याण_भक्त-चरिताङ्क.html; गीता-पुस्तकालय.html"
"calibre47","1","1","True","2","2","कल्याण_भक्त-चरिताङ्क.html","कल्याण_भक्त-चरिताङ्क.html; गीता-पुस्तकालय.html"
"block_182","1","1","True","2","2","कल्याण_भक्त-चरिताङ्क.html","कल्याण_भक्त-चरिताङ्क.html; गीता-पुस्तकालय.html"
"calibre46","1","1","True","2","2","कल्याण_भक्त-चरिताङ्क.html","कल्याण_भक्त-चरिताङ्क.html; गीता-पुस्तकालय.html"
"calibre53","1","1","True","2","2","कल्याण_भक्त-चरिताङ्क.html","कल्याण_भक्त-चरिताङ्क.html; गीता-पुस्तकालय.html"
"calibre54","1","1","True","2","2","कल्याण_भक्त-चरिताङ्क.html","कल्याण_भक्त-चरिताङ्क.html; गीता-पुस्तकालय.html"
"calibre52","1","1","True","2","2","कल्याण_भक्त-चरिताङ्क.html","कल्याण_भक्त-चरिताङ्क.html; गीता-पुस्तकालय.html"
"calibre50","1","1","True","2","2","कल्याण_भक्त-चरिताङ्क.html","कल्याण_भक्त-चरिताङ्क.html; गीता-पुस्तकालय.html"
"calibre51","1","1","True","2","2","कल्याण_भक्त-चरिताङ्क.html","कल्याण_भक्त-चरिताङ्क.html; गीता-पुस्तकालय.html"
"calibre42","1","1","True","2","2","कल्याण_भक्त-चरिताङ्क.html","कल्याण_भक्त-चरिताङ्क.html; गीता-पुस्तकालय.html"
"block_179","1","3","True","2","2","कल्याण_भक्त-चरिताङ्क.html","कल्याण_भक्त-चरिताङ्क.html; गीता-पुस्तकालय.html"
"calibre41","1","1","True","2","2","कल्याण_भक्त-चरिताङ्क.html","कल्याण_भक्त-चरिताङ्क.html; गीता-पुस्तकालय.html"
"calibre39","1","1","True","2","2","कल्याण_भक्त-चरिताङ्क.html","कल्याण_भक्त-चरिताङ्क.html; गीता-पुस्तकालय.html"
"calibre40","1","1","True","2","2","कल्याण_भक्त-चरिताङ्क.html","कल्याण_भक्त-चरिताङ्क.html; गीता-पुस्तकालय.html"
"calibre45","1","1","True","2","2","कल्याण_भक्त-चरिताङ्क.html","कल्याण_भक्त-चरिताङ्क.html; गीता-पुस्तकालय.html"
"block_181","1","15","True","2","2","कल्याण_भक्त-चरिताङ्क.html","कल्याण_भक्त-चरिताङ्क.html; गीता-पुस्तकालय.html"
"block_180","1","3","True","2","2","कल्याण_भक्त-चरिताङ्क.html","कल्याण_भक्त-चरिताङ्क.html; गीता-पुस्तकालय.html"
"calibre43","1","1","True","2","2","कल्याण_भक्त-चरिताङ्क.html","कल्याण_भक्त-चरिताङ्क.html; गीता-पुस्तकालय.html"
"calibre44","1","1","True","2","2","कल्याण_भक्त-चरिताङ्क.html","कल्याण_भक्त-चरिताङ्क.html; गीता-पुस्तकालय.html"
